insert into pub_page_templet(pk_page_templet,appcode,clazz,code,creationtime,creator,dr,headcode,isdefault,metaid,modifiedtime,modifier,name,pagecode,parentid,pk_group,pk_org,resid,resmodule,templetdesc,ts)
values('0001ZZZZd686d0d6c016','12H10101','nc.vo.uapbd.itfconfig.AggItfConfigBillVO','12H10101_LIST',null,'~',0,'list_head','Y','',null,'~','业务系统接口配置列表页面','12H10101_LIST','root',null,null,'12H10101_LIST','','','2020-04-10 14:45:54');
go

insert into pub_page_templet(pk_page_templet,appcode,clazz,code,creationtime,creator,dr,headcode,isdefault,metaid,modifiedtime,modifier,name,pagecode,parentid,pk_group,pk_org,resid,resmodule,templetdesc,ts)
values('0001ZZZZ6e2826a5ae2f','12H10101','nc.vo.uapbd.itfconfig.AggItfConfigBillVO','12H10101_CARD',null,'~',0,'card_head','N','',null,'~','业务系统接口配置卡片','12H10101_CARD','root',null,null,'12H10101_CARD','','','2020-04-10 14:45:54');
go

insert into pub_area(pk_area,areadesc,areastatus,areatype,clazz,code,creationtime,creator,dr,isunfold,metaid,metaname,metaspace,modifiedtime,modifier,name,pagination,position,relationcode,resid,templetid,ts)
values('0001ZZZZ6ad7e34ac934','','browse',0,'nc.vo.uapbd.itfconfig.ItfConfigBillVO','list_query',null,'~',0,'Y','5564cb66-4558-4907-b1a9-c8e1fe0b6171','单据对照','uapbd.itfconfig',null,'~','查询','',1,null,'','0001ZZZZd686d0d6c016','2020-04-10 14:45:54');
go
insert into pub_area(pk_area,areadesc,areastatus,areatype,clazz,code,creationtime,creator,dr,isunfold,metaid,metaname,metaspace,modifiedtime,modifier,name,pagination,position,relationcode,resid,templetid,ts)
values('0001ZZZZc422d6b2163c','','browse',2,'nc.vo.uapbd.itfconfig.ItfConfigBillVO','list_head',null,'~',0,'Y','5564cb66-4558-4907-b1a9-c8e1fe0b6171','单据对照','uapbd.itfconfig',null,'~','列表','',2,null,'','0001ZZZZd686d0d6c016','2020-04-10 14:45:54');
go
insert into pub_area(pk_area,areadesc,areastatus,areatype,clazz,code,creationtime,creator,dr,isunfold,metaid,metaname,metaspace,modifiedtime,modifier,name,pagination,position,relationcode,resid,templetid,ts)
values('0001ZZZZ2d8e5273d1cc','','browse',1,'nc.vo.uapbd.itfconfig.ItfConfigBillVO','card_head',null,'~',0,'Y','5564cb66-4558-4907-b1a9-c8e1fe0b6171','单据对照','uapbd.itfconfig',null,'','ItfConfigBillVO表头','',1,null,'app_12H10101_00044','0001ZZZZ6e2826a5ae2f','2020-04-10 14:45:54');
go
insert into pub_area(pk_area,areadesc,areastatus,areatype,clazz,code,creationtime,creator,dr,isunfold,metaid,metaname,metaspace,modifiedtime,modifier,name,pagination,position,relationcode,resid,templetid,ts)
values('0001ZZZZa37aa4cb9060','操作信息','browse',1,'nc.vo.uapbd.itfconfig.ItfConfigBillVO','card_operate',null,'~',0,'Y','5564cb66-4558-4907-b1a9-c8e1fe0b6171','单据对照','uapbd.itfconfig',null,'','ItfConfigBillVO','',2,'card_head','app_12H10101_00064','0001ZZZZ6e2826a5ae2f','2020-04-10 14:45:54');
go

            insert into pub_query_property(pk_query_property,areaid,classid,code,containlower,creationtime,creator,datatype,dataval,defaultvalue,define1,define2,define3,define4,define5,disabled,dr,isbeyondorg,ischeck,isdefined,isfixedcondition,ismultiselectedenabled,isnotmeta,isquerycondition,isuse,itemtype,label,maxlength,metadataproperty,metapath,opersign,opersignname,position,proid,querytablename,refcode,refname,required,resid,returntype,showtype,tablecode,ts,usefunc,visible,visibleposition,width)
            values('0001ZZZZa6a711ddb577','0001ZZZZ6ad7e34ac934','5564cb66-4558-4907-b1a9-c8e1fe0b6171','nccbilltype',null,null,'~',204,'','','','','','','','N',0,'N','N','N','N','N','N','Y','Y','refer','NCC单据类型',20,'uap.BilltypeVO.billtypename','nccbilltype','=@','等于@',8,'d50e6af1-b3e9-4b2d-bf41-b189b03ffbdc','','uap/refer/riart/billtype/index','影响因素单据类型','N','','refpk',1,'','2020-04-10 14:45:54','N','Y',null,1);
            go
            insert into pub_query_property(pk_query_property,areaid,classid,code,containlower,creationtime,creator,datatype,dataval,defaultvalue,define1,define2,define3,define4,define5,disabled,dr,isbeyondorg,ischeck,isdefined,isfixedcondition,ismultiselectedenabled,isnotmeta,isquerycondition,isuse,itemtype,label,maxlength,metadataproperty,metapath,opersign,opersignname,position,proid,querytablename,refcode,refname,required,resid,returntype,showtype,tablecode,ts,usefunc,visible,visibleposition,width)
            values('0001ZZZZ5c279b5bac18','0001ZZZZ6ad7e34ac934','5564cb66-4558-4907-b1a9-c8e1fe0b6171','nccbilltypecode',null,null,'~',1,'','','','','','','','N',0,'N','N','N','N','N','N','Y','Y','input','NCC单据类型编码',50,NULL,'nccbilltypecode','=@','等于@',9,'ed1785e7-fea7-44a5-a40a-e02675fd580f','','/common-ref/','-99','N','','refpk',1,'','2020-04-10 14:45:54','N','Y',null,1);
            go
            insert into pub_query_property(pk_query_property,areaid,classid,code,containlower,creationtime,creator,datatype,dataval,defaultvalue,define1,define2,define3,define4,define5,disabled,dr,isbeyondorg,ischeck,isdefined,isfixedcondition,ismultiselectedenabled,isnotmeta,isquerycondition,isuse,itemtype,label,maxlength,metadataproperty,metapath,opersign,opersignname,position,proid,querytablename,refcode,refname,required,resid,returntype,showtype,tablecode,ts,usefunc,visible,visibleposition,width)
            values('0001ZZZZ1fd2a48ccc1e','0001ZZZZ6ad7e34ac934','5564cb66-4558-4907-b1a9-c8e1fe0b6171','name',null,null,'~',1,'','','','','','','','N',0,'N','N','N','N','N','N','Y','Y','input','名称',50,NULL,'name','=@','等于@',3,'1c9a3890-8939-41c5-aa50-418b1025d78c','','/common-ref/','-99','N','','refpk',1,'','2020-04-10 14:45:54','N','Y',null,1);
            go
            insert into pub_query_property(pk_query_property,areaid,classid,code,containlower,creationtime,creator,datatype,dataval,defaultvalue,define1,define2,define3,define4,define5,disabled,dr,isbeyondorg,ischeck,isdefined,isfixedcondition,ismultiselectedenabled,isnotmeta,isquerycondition,isuse,itemtype,label,maxlength,metadataproperty,metapath,opersign,opersignname,position,proid,querytablename,refcode,refname,required,resid,returntype,showtype,tablecode,ts,usefunc,visible,visibleposition,width)
            values('0001ZZZZ425c4781b346','0001ZZZZ6ad7e34ac934','5564cb66-4558-4907-b1a9-c8e1fe0b6171','remark',null,null,'~',1,'','','','','','','','N',0,'N','N','N','N','N','N','Y','Y','input','备注',400,NULL,'remark','=@','等于@',5,'a18e2ca8-3e10-4a5c-ac19-21d23c713687','','/common-ref/','-99','N','','refpk',1,'','2020-04-10 14:45:54','N','Y',null,1);
            go
            insert into pub_query_property(pk_query_property,areaid,classid,code,containlower,creationtime,creator,datatype,dataval,defaultvalue,define1,define2,define3,define4,define5,disabled,dr,isbeyondorg,ischeck,isdefined,isfixedcondition,ismultiselectedenabled,isnotmeta,isquerycondition,isuse,itemtype,label,maxlength,metadataproperty,metapath,opersign,opersignname,position,proid,querytablename,refcode,refname,required,resid,returntype,showtype,tablecode,ts,usefunc,visible,visibleposition,width)
            values('0001ZZZZ33d054e55878','0001ZZZZ6ad7e34ac934','5564cb66-4558-4907-b1a9-c8e1fe0b6171','code',null,null,'~',1,'','','','','','','','N',0,'N','N','N','N','N','N','Y','Y','input','编码',50,NULL,'code','=@','等于@',2,'26c809ad-8f23-48e7-897d-5d5784266082','','/common-ref/','-99','N','','refpk',1,'','2020-04-10 14:45:54','N','Y',null,1);
            go


        insert into pub_form_property(pk_form_property,areaid,classid,code,colnum,color,creationtime,creator,datatype,dataval,defaultvalue,defaultvar,define1,define2,define3,disabled,dr,editformula,hyperlinkflag,iscode,isdefined,ismultiselectedenabled,isnextrow,isrevise,istotal,itemtype,label,maxlength,metadataproperty,metaid,metapath,modifiedtime,modifier,position,proid,refcode,refname,relatemeta,required,resid,showformula,textrows,ts,validateformula,visible,width)
        values('0001ZZZZ5b4633626001','0001ZZZZc422d6b2163c','5564cb66-4558-4907-b1a9-c8e1fe0b6171','nccbilltype',null,'#111111',null,'~',204, '', null,null,null,null,null,'N',0,null,'N','N','N',null,'N','N','N','refer',null,20,'uap.BilltypeVO.billtypename','b0fa41cd-a649-4309-b685-d341a5d1b0ed','nccbilltype',null,'~',8,'f91f3872-4264-42c7-ac08-d36611cc6c67','uap/refer/riart/billtype/index','影响因素单据类型',null,'N','app_12H10101_00002',null,null,'2020-04-10 14:45:54',null,'Y',null);
        go

        insert into pub_form_property(pk_form_property,areaid,classid,code,colnum,color,creationtime,creator,datatype,dataval,defaultvalue,defaultvar,define1,define2,define3,disabled,dr,editformula,hyperlinkflag,iscode,isdefined,ismultiselectedenabled,isnextrow,isrevise,istotal,itemtype,label,maxlength,metadataproperty,metaid,metapath,modifiedtime,modifier,position,proid,refcode,refname,relatemeta,required,resid,showformula,textrows,ts,validateformula,visible,width)
        values('0001ZZZZ5b4633626002','0001ZZZZc422d6b2163c','5564cb66-4558-4907-b1a9-c8e1fe0b6171','nccbilltypecode',null,'#111111',null,'~',1, null, null,null,null,null,null,'N',0,null,'N','N','N',null,'N','N','N','input',null,50,NULL,'','nccbilltypecode',null,'~',9,'522df205-e9c0-447a-850d-7701015c4056','/common-ref/','-99',null,'N','app_12H10101_00003',null,null,'2020-04-10 14:45:54',null,'Y',null);
        go

        insert into pub_form_property(pk_form_property,areaid,classid,code,colnum,color,creationtime,creator,datatype,dataval,defaultvalue,defaultvar,define1,define2,define3,disabled,dr,editformula,hyperlinkflag,iscode,isdefined,ismultiselectedenabled,isnextrow,isrevise,istotal,itemtype,label,maxlength,metadataproperty,metaid,metapath,modifiedtime,modifier,position,proid,refcode,refname,relatemeta,required,resid,showformula,textrows,ts,validateformula,visible,width)
        values('0001ZZZZ5b4633626006','0001ZZZZc422d6b2163c','5564cb66-4558-4907-b1a9-c8e1fe0b6171','busitype',null,'#111111',null,'~',1, null, null,null,null,null,null,'N',0,null,'N','N','N',null,'N','N','N','input',null,50,NULL,'','busitype',null,'~',20,'462a2162-ec9d-4c38-be75-68191a232934','/common-ref/','-99',null,'N','app_12H10101_00007',null,null,'2020-04-10 14:45:54',null,'Y',null);
        go

        insert into pub_form_property(pk_form_property,areaid,classid,code,colnum,color,creationtime,creator,datatype,dataval,defaultvalue,defaultvar,define1,define2,define3,disabled,dr,editformula,hyperlinkflag,iscode,isdefined,ismultiselectedenabled,isnextrow,isrevise,istotal,itemtype,label,maxlength,metadataproperty,metaid,metapath,modifiedtime,modifier,position,proid,refcode,refname,relatemeta,required,resid,showformula,textrows,ts,validateformula,visible,width)
        values('0001ZZZZ5b4633626007','0001ZZZZc422d6b2163c','5564cb66-4558-4907-b1a9-c8e1fe0b6171','transtype',null,'#111111',null,'~',1, null, null,null,null,null,null,'N',0,null,'N','N','N',null,'N','N','N','input',null,50,NULL,'','transtype',null,'~',26,'0a688115-b727-49dd-a7a6-a8ef70097770','/common-ref/','-99',null,'N','app_12H10101_00008',null,null,'2020-04-10 14:45:54',null,'Y',null);
        go

        insert into pub_form_property(pk_form_property,areaid,classid,code,colnum,color,creationtime,creator,datatype,dataval,defaultvalue,defaultvar,define1,define2,define3,disabled,dr,editformula,hyperlinkflag,iscode,isdefined,ismultiselectedenabled,isnextrow,isrevise,istotal,itemtype,label,maxlength,metadataproperty,metaid,metapath,modifiedtime,modifier,position,proid,refcode,refname,relatemeta,required,resid,showformula,textrows,ts,validateformula,visible,width)
        values('0001ZZZZ5b4633626008','0001ZZZZc422d6b2163c','5564cb66-4558-4907-b1a9-c8e1fe0b6171','transtypepk',null,'#111111',null,'~',204, '', null,null,null,null,null,'N',0,null,'N','N','N',null,'N','N','N','refer',null,20,'uap.BilltypeVO.billtypename','b0fa41cd-a649-4309-b685-d341a5d1b0ed','transtypepk',null,'~',28,'806280fa-2851-4175-9821-e8221e2ad9a3','uap/refer/riart/transtype/index','影响因素交 易类型',null,'N','app_12H10101_00009',null,null,'2020-04-10 14:45:54',null,'Y',null);
        go

        insert into pub_form_property(pk_form_property,areaid,classid,code,colnum,color,creationtime,creator,datatype,dataval,defaultvalue,defaultvar,define1,define2,define3,disabled,dr,editformula,hyperlinkflag,iscode,isdefined,ismultiselectedenabled,isnextrow,isrevise,istotal,itemtype,label,maxlength,metadataproperty,metaid,metapath,modifiedtime,modifier,position,proid,refcode,refname,relatemeta,required,resid,showformula,textrows,ts,validateformula,visible,width)
        values('0001ZZZZ5b4633626009','0001ZZZZc422d6b2163c','5564cb66-4558-4907-b1a9-c8e1fe0b6171','modifier',null,'#111111',null,'~',204, '', null,null,null,null,null,'N',0,null,'N','N','N',null,'N','N','N','refer',null,20,'uap.user.user_name','f6f9a473-56c0-432f-8bc7-fbf8fde54fee','modifier',null,'~',15,'416a03e2-97e2-4496-aadb-7498310ed361','uap/refer/riart/userDefaultRefer/index','用户',null,'N','app_12H10101_00010',null,null,'2020-04-10 14:45:54',null,'Y',null);
        go

        insert into pub_form_property(pk_form_property,areaid,classid,code,colnum,color,creationtime,creator,datatype,dataval,defaultvalue,defaultvar,define1,define2,define3,disabled,dr,editformula,hyperlinkflag,iscode,isdefined,ismultiselectedenabled,isnextrow,isrevise,istotal,itemtype,label,maxlength,metadataproperty,metaid,metapath,modifiedtime,modifier,position,proid,refcode,refname,relatemeta,required,resid,showformula,textrows,ts,validateformula,visible,width)
        values('0001ZZZZ5b4633626010','0001ZZZZc422d6b2163c','5564cb66-4558-4907-b1a9-c8e1fe0b6171','modifiedtime',null,'#111111',null,'~',34, null, null,null,null,null,null,'N',0,null,'N','N','N',null,'N','N','N','datetimepicker',null,19,NULL,'','modifiedtime',null,'~',16,'b42c8b7f-efdf-409b-9f93-49e8bfe24a0d','/common-ref/','-99',null,'N','app_12H10101_00011',null,null,'2020-04-10 14:45:54',null,'Y',null);
        go

        insert into pub_form_property(pk_form_property,areaid,classid,code,colnum,color,creationtime,creator,datatype,dataval,defaultvalue,defaultvar,define1,define2,define3,disabled,dr,editformula,hyperlinkflag,iscode,isdefined,ismultiselectedenabled,isnextrow,isrevise,istotal,itemtype,label,maxlength,metadataproperty,metaid,metapath,modifiedtime,modifier,position,proid,refcode,refname,relatemeta,required,resid,showformula,textrows,ts,validateformula,visible,width)
        values('0001ZZZZ5b4633626012','0001ZZZZc422d6b2163c','5564cb66-4558-4907-b1a9-c8e1fe0b6171','creator',null,'#111111',null,'~',204, '', null,null,null,null,null,'N',0,null,'N','N','N',null,'N','N','N','refer',null,20,'uap.user.user_name','f6f9a473-56c0-432f-8bc7-fbf8fde54fee','creator',null,'~',13,'e0683025-ff16-43da-ba43-346e00a47e71','uap/refer/riart/userDefaultRefer/index','用户',null,'N','app_12H10101_00013',null,null,'2020-04-10 14:45:54',null,'Y',null);
        go

        insert into pub_form_property(pk_form_property,areaid,classid,code,colnum,color,creationtime,creator,datatype,dataval,defaultvalue,defaultvar,define1,define2,define3,disabled,dr,editformula,hyperlinkflag,iscode,isdefined,ismultiselectedenabled,isnextrow,isrevise,istotal,itemtype,label,maxlength,metadataproperty,metaid,metapath,modifiedtime,modifier,position,proid,refcode,refname,relatemeta,required,resid,showformula,textrows,ts,validateformula,visible,width)
        values('0001ZZZZ5b4633626013','0001ZZZZc422d6b2163c','5564cb66-4558-4907-b1a9-c8e1fe0b6171','creationtime',null,'#111111',null,'~',34, null, null,null,null,null,null,'N',0,null,'N','N','N',null,'N','N','N','datetimepicker',null,19,NULL,'','creationtime',null,'~',14,'1d6cf3d6-2069-400b-8ec8-957366e3a9c2','/common-ref/','-99',null,'N','app_12H10101_00014',null,null,'2020-04-10 14:45:54',null,'Y',null);
        go

        insert into pub_form_property(pk_form_property,areaid,classid,code,colnum,color,creationtime,creator,datatype,dataval,defaultvalue,defaultvar,define1,define2,define3,disabled,dr,editformula,hyperlinkflag,iscode,isdefined,ismultiselectedenabled,isnextrow,isrevise,istotal,itemtype,label,maxlength,metadataproperty,metaid,metapath,modifiedtime,modifier,position,proid,refcode,refname,relatemeta,required,resid,showformula,textrows,ts,validateformula,visible,width)
        values('0001ZZZZ5b4633626014','0001ZZZZc422d6b2163c','5564cb66-4558-4907-b1a9-c8e1fe0b6171','billmaker',null,'#111111',null,'~',204, '', null,null,null,null,null,'N',0,null,'N','N','N',null,'N','N','N','refer',null,20,'uap.user.user_name','f6f9a473-56c0-432f-8bc7-fbf8fde54fee','billmaker',null,'~',21,'98b20b0b-38c6-434d-8087-bc75ea2376e9','uap/refer/riart/userDefaultRefer/index','用户',null,'N','app_12H10101_00015',null,null,'2020-04-10 14:45:54',null,'Y',null);
        go

        insert into pub_form_property(pk_form_property,areaid,classid,code,colnum,color,creationtime,creator,datatype,dataval,defaultvalue,defaultvar,define1,define2,define3,disabled,dr,editformula,hyperlinkflag,iscode,isdefined,ismultiselectedenabled,isnextrow,isrevise,istotal,itemtype,label,maxlength,metadataproperty,metaid,metapath,modifiedtime,modifier,position,proid,refcode,refname,relatemeta,required,resid,showformula,textrows,ts,validateformula,visible,width)
        values('0001ZZZZ5b4633626015','0001ZZZZc422d6b2163c','5564cb66-4558-4907-b1a9-c8e1fe0b6171','maketime',null,'#111111',null,'~',34, null, null,null,null,null,null,'N',0,null,'N','N','N',null,'N','N','N','datetimepicker',null,19,NULL,'','maketime',null,'~',17,'920d75b6-d8cf-4f18-a71f-58b3b5f625cb','/common-ref/','-99',null,'Y','app_12H10101_00016',null,null,'2020-04-10 14:45:54',null,'Y',null);
        go

        insert into pub_form_property(pk_form_property,areaid,classid,code,colnum,color,creationtime,creator,datatype,dataval,defaultvalue,defaultvar,define1,define2,define3,disabled,dr,editformula,hyperlinkflag,iscode,isdefined,ismultiselectedenabled,isnextrow,isrevise,istotal,itemtype,label,maxlength,metadataproperty,metaid,metapath,modifiedtime,modifier,position,proid,refcode,refname,relatemeta,required,resid,showformula,textrows,ts,validateformula,visible,width)
        values('0001ZZZZ5b4633626016','0001ZZZZc422d6b2163c','5564cb66-4558-4907-b1a9-c8e1fe0b6171','billno',null,'#111111',null,'~',1, null, null,null,null,null,null,'Y',0,null,'N','N','N',null,'N','N','N','input',null,50,NULL,'','billno',null,'~',19,'858751bd-a9bf-42c7-95fd-3ce031b31609','/common-ref/','-99',null,'N','app_12H10101_00017',null,null,'2020-04-10 14:45:54',null,'Y',null);
        go

        insert into pub_form_property(pk_form_property,areaid,classid,code,colnum,color,creationtime,creator,datatype,dataval,defaultvalue,defaultvar,define1,define2,define3,disabled,dr,editformula,hyperlinkflag,iscode,isdefined,ismultiselectedenabled,isnextrow,isrevise,istotal,itemtype,label,maxlength,metadataproperty,metaid,metapath,modifiedtime,modifier,position,proid,refcode,refname,relatemeta,required,resid,showformula,textrows,ts,validateformula,visible,width)
        values('0001ZZZZ5b4633626018','0001ZZZZc422d6b2163c','5564cb66-4558-4907-b1a9-c8e1fe0b6171','billtype',null,'#111111',null,'~',204, '', null,null,null,null,null,'N',0,null,'N','N','N',null,'N','N','N','refer',null,20,'uap.BilltypeVO.billtypename','b0fa41cd-a649-4309-b685-d341a5d1b0ed','billtype',null,'~',27,'ecee9b2f-0f5e-447e-88b6-cef0d0204602','uap/refer/riart/billtype/index','影响因素单据类型',null,'N','app_12H10101_00019',null,null,'2020-04-10 14:45:54',null,'Y',null);
        go

        insert into pub_form_property(pk_form_property,areaid,classid,code,colnum,color,creationtime,creator,datatype,dataval,defaultvalue,defaultvar,define1,define2,define3,disabled,dr,editformula,hyperlinkflag,iscode,isdefined,ismultiselectedenabled,isnextrow,isrevise,istotal,itemtype,label,maxlength,metadataproperty,metaid,metapath,modifiedtime,modifier,position,proid,refcode,refname,relatemeta,required,resid,showformula,textrows,ts,validateformula,visible,width)
        values('0001ZZZZ5b4633626019','0001ZZZZc422d6b2163c','5564cb66-4558-4907-b1a9-c8e1fe0b6171','name',null,'#111111',null,'~',1, null, null,null,null,null,null,'N',0,null,'N','N','N',null,'N','N','N','input',null,50,NULL,'','name',null,'~',3,'a79a39af-a643-4984-973a-72bf393f4bc4','/common-ref/','-99',null,'N','app_12H10101_00020',null,null,'2020-04-10 14:45:54',null,'Y',null);
        go

        insert into pub_form_property(pk_form_property,areaid,classid,code,colnum,color,creationtime,creator,datatype,dataval,defaultvalue,defaultvar,define1,define2,define3,disabled,dr,editformula,hyperlinkflag,iscode,isdefined,ismultiselectedenabled,isnextrow,isrevise,istotal,itemtype,label,maxlength,metadataproperty,metaid,metapath,modifiedtime,modifier,position,proid,refcode,refname,relatemeta,required,resid,showformula,textrows,ts,validateformula,visible,width)
        values('0001ZZZZ5b4633626020','0001ZZZZc422d6b2163c','5564cb66-4558-4907-b1a9-c8e1fe0b6171','remark',null,'#111111',null,'~',1, null, null,null,null,null,null,'N',0,null,'N','N','N',null,'N','N','N','input',null,400,NULL,'','remark',null,'~',5,'17a24d46-82f0-45c4-9568-191707b9d488','/common-ref/','-99',null,'N','app_12H10101_00021',null,null,'2020-04-10 14:45:54',null,'Y',null);
        go

        insert into pub_form_property(pk_form_property,areaid,classid,code,colnum,color,creationtime,creator,datatype,dataval,defaultvalue,defaultvar,define1,define2,define3,disabled,dr,editformula,hyperlinkflag,iscode,isdefined,ismultiselectedenabled,isnextrow,isrevise,istotal,itemtype,label,maxlength,metadataproperty,metaid,metapath,modifiedtime,modifier,position,proid,refcode,refname,relatemeta,required,resid,showformula,textrows,ts,validateformula,visible,width)
        values('0001ZZZZ5b4633626025','0001ZZZZc422d6b2163c','5564cb66-4558-4907-b1a9-c8e1fe0b6171','lastmaketime',null,'#111111',null,'~',34, null, null,null,null,null,null,'N',0,null,'N','N','N',null,'N','N','N','datetimepicker',null,19,NULL,'','lastmaketime',null,'~',18,'88d51158-2605-424d-bcf1-8879d44f0994','/common-ref/','-99',null,'N','app_12H10101_00026',null,null,'2020-04-10 14:45:54',null,'Y',null);
        go

        insert into pub_form_property(pk_form_property,areaid,classid,code,colnum,color,creationtime,creator,datatype,dataval,defaultvalue,defaultvar,define1,define2,define3,disabled,dr,editformula,hyperlinkflag,iscode,isdefined,ismultiselectedenabled,isnextrow,isrevise,istotal,itemtype,label,maxlength,metadataproperty,metaid,metapath,modifiedtime,modifier,position,proid,refcode,refname,relatemeta,required,resid,showformula,textrows,ts,validateformula,visible,width)
        values('0001ZZZZ5b4633626028','0001ZZZZc422d6b2163c','5564cb66-4558-4907-b1a9-c8e1fe0b6171','pk_org',null,'#111111',null,'~',204, '', null,null,null,null,null,'N',0,null,'N','N','N',null,'N','N','N','refer',null,20,'uap.org.name','985be8a4-3a36-4778-8afe-2d8ed3902659','pk_org',null,'~',11,'960ad03f-6e68-4729-89be-bc5770d73ea0','uapbd/refer/org/BusinessUnitAllTreeRef/index','业务单元(所有)',null,'N','app_12H10101_00029',null,null,'2020-04-10 14:45:54',null,'Y',null);
        go

        insert into pub_form_property(pk_form_property,areaid,classid,code,colnum,color,creationtime,creator,datatype,dataval,defaultvalue,defaultvar,define1,define2,define3,disabled,dr,editformula,hyperlinkflag,iscode,isdefined,ismultiselectedenabled,isnextrow,isrevise,istotal,itemtype,label,maxlength,metadataproperty,metaid,metapath,modifiedtime,modifier,position,proid,refcode,refname,relatemeta,required,resid,showformula,textrows,ts,validateformula,visible,width)
        values('0001ZZZZ5b4633626029','0001ZZZZc422d6b2163c','5564cb66-4558-4907-b1a9-c8e1fe0b6171','pk_org_v',null,'#111111',null,'~',204, '', null,null,null,null,null,'N',0,null,'N','N','N',null,'N','N','N','refer',null,20,'uap.org_v.name','da7bba89-9a59-42d6-a262-c13ef459dbd9','pk_org_v',null,'~',12,'01f7ff71-3412-46e8-8234-5a2da06c7615','uapbd/refer/orgv/BusinessUnitVersionDefaultAllTreeRef/index','业务单元版本(所有)',null,'N','app_12H10101_00030',null,null,'2020-04-10 14:45:54',null,'N',null);
        go

        insert into pub_form_property(pk_form_property,areaid,classid,code,colnum,color,creationtime,creator,datatype,dataval,defaultvalue,defaultvar,define1,define2,define3,disabled,dr,editformula,hyperlinkflag,iscode,isdefined,ismultiselectedenabled,isnextrow,isrevise,istotal,itemtype,label,maxlength,metadataproperty,metaid,metapath,modifiedtime,modifier,position,proid,refcode,refname,relatemeta,required,resid,showformula,textrows,ts,validateformula,visible,width)
        values('0001ZZZZ5b4633626030','0001ZZZZc422d6b2163c','5564cb66-4558-4907-b1a9-c8e1fe0b6171','code',null,'#111111',null,'~',1, null, null,null,null,null,null,'N',0,null,'N','N','N',null,'N','N','N','input',null,50,NULL,'','code',null,'~',2,'a8942b06-c9b7-4305-b371-389a4f2edd5c','/common-ref/','-99',null,'N','app_12H10101_00031',null,null,'2020-04-10 14:45:54',null,'Y',null);
        go

        insert into pub_form_property(pk_form_property,areaid,classid,code,colnum,color,creationtime,creator,datatype,dataval,defaultvalue,defaultvar,define1,define2,define3,disabled,dr,editformula,hyperlinkflag,iscode,isdefined,ismultiselectedenabled,isnextrow,isrevise,istotal,itemtype,label,maxlength,metadataproperty,metaid,metapath,modifiedtime,modifier,position,proid,refcode,refname,relatemeta,required,resid,showformula,textrows,ts,validateformula,visible,width)
        values('0001ZZZZ5b4633626052','0001ZZZZc422d6b2163c','5564cb66-4558-4907-b1a9-c8e1fe0b6171','pk_group',null,'#111111',null,'~',204, '', null,null,null,null,null,'N',0,null,'N','N','N',null,'N','N','N','refer',null,20,'uap.group.name','3b6dd171-2900-47f3-bfbe-41e4483a2a65','pk_group',null,'~',10,'8e0391d0-0f5a-41b2-af3a-6fc0ebb9c16e','uap/refer/riart/groupTreeRef/index','集团',null,'Y','app_12H10101_00053',null,null,'2020-04-10 14:45:54',null,'Y',null);
        go
            insert into pub_form_property(pk_form_property,areaid,classid,code,colnum,color,creationtime,creator,datatype,dataval,defaultvalue,defaultvar,define1,define2,define3,disabled,dr,editformula,hyperlinkflag,iscode,isdefined,ismultiselectedenabled,isnextrow,isrevise,istotal,itemtype,label,maxlength,metadataproperty,metaid,metapath,modifiedtime,modifier,position,proid,refcode,refname,relatemeta,required,resid,showformula,textrows,ts,validateformula,visible,width)
            values('0001ZZZZede29b6c7001','0001ZZZZ2d8e5273d1cc','5564cb66-4558-4907-b1a9-c8e1fe0b6171','nccbilltype','1','#111111',null,'~',204,'', null,null,null,null,null,'N',0,null,'N','N','N',null,'N','N','N','refer',null,20,'uap.BilltypeVO.billtypename','','nccbilltype',null,'~',8,'df169c81-d9d2-49fc-96f8-a6b6cc97d14e','uap/refer/riart/billtype/index','影响因素单据类型',null,'N','app_12H10101_00002',null,null,'2020-04-10 14:45:54',null,'Y',null);
            go
            insert into pub_form_property(pk_form_property,areaid,classid,code,colnum,color,creationtime,creator,datatype,dataval,defaultvalue,defaultvar,define1,define2,define3,disabled,dr,editformula,hyperlinkflag,iscode,isdefined,ismultiselectedenabled,isnextrow,isrevise,istotal,itemtype,label,maxlength,metadataproperty,metaid,metapath,modifiedtime,modifier,position,proid,refcode,refname,relatemeta,required,resid,showformula,textrows,ts,validateformula,visible,width)
            values('0001ZZZZede29b6c7002','0001ZZZZ2d8e5273d1cc','5564cb66-4558-4907-b1a9-c8e1fe0b6171','nccbilltypecode','1','#111111',null,'~',1,null, null,null,null,null,null,'N',0,null,'N','N','N',null,'N','N','N','input',null,50,NULL,'','nccbilltypecode',null,'~',9,'7d118180-b44e-4920-9897-b0b813cfa81e','/common-ref/','-99',null,'N','app_12H10101_00003',null,null,'2020-04-10 14:45:54',null,'Y',null);
            go
            insert into pub_form_property(pk_form_property,areaid,classid,code,colnum,color,creationtime,creator,datatype,dataval,defaultvalue,defaultvar,define1,define2,define3,disabled,dr,editformula,hyperlinkflag,iscode,isdefined,ismultiselectedenabled,isnextrow,isrevise,istotal,itemtype,label,maxlength,metadataproperty,metaid,metapath,modifiedtime,modifier,position,proid,refcode,refname,relatemeta,required,resid,showformula,textrows,ts,validateformula,visible,width)
            values('0001ZZZZede29b6c7006','0001ZZZZ2d8e5273d1cc','5564cb66-4558-4907-b1a9-c8e1fe0b6171','busitype','1','#111111',null,'~',1,null, null,null,null,null,null,'N',0,null,'N','N','N',null,'N','N','N','input',null,50,NULL,'','busitype',null,'~',20,'c32fe206-c25d-4077-9d53-dcc1ef871475','/common-ref/','-99',null,'N','app_12H10101_00007',null,null,'2020-04-10 14:45:54',null,'Y',null);
            go
            insert into pub_form_property(pk_form_property,areaid,classid,code,colnum,color,creationtime,creator,datatype,dataval,defaultvalue,defaultvar,define1,define2,define3,disabled,dr,editformula,hyperlinkflag,iscode,isdefined,ismultiselectedenabled,isnextrow,isrevise,istotal,itemtype,label,maxlength,metadataproperty,metaid,metapath,modifiedtime,modifier,position,proid,refcode,refname,relatemeta,required,resid,showformula,textrows,ts,validateformula,visible,width)
            values('0001ZZZZede29b6c7007','0001ZZZZ2d8e5273d1cc','5564cb66-4558-4907-b1a9-c8e1fe0b6171','transtype','1','#111111',null,'~',1,null, null,null,null,null,null,'N',0,null,'N','N','N',null,'N','N','N','input',null,50,NULL,'','transtype',null,'~',26,'25d99748-4d0c-42b4-aa87-d2c69957a9ca','/common-ref/','-99',null,'N','app_12H10101_00008',null,null,'2020-04-10 14:45:54',null,'Y',null);
            go
            insert into pub_form_property(pk_form_property,areaid,classid,code,colnum,color,creationtime,creator,datatype,dataval,defaultvalue,defaultvar,define1,define2,define3,disabled,dr,editformula,hyperlinkflag,iscode,isdefined,ismultiselectedenabled,isnextrow,isrevise,istotal,itemtype,label,maxlength,metadataproperty,metaid,metapath,modifiedtime,modifier,position,proid,refcode,refname,relatemeta,required,resid,showformula,textrows,ts,validateformula,visible,width)
            values('0001ZZZZede29b6c7008','0001ZZZZ2d8e5273d1cc','5564cb66-4558-4907-b1a9-c8e1fe0b6171','transtypepk','1','#111111',null,'~',204,'', null,null,null,null,null,'N',0,null,'N','N','N',null,'N','N','N','refer',null,20,'uap.BilltypeVO.billtypename','','transtypepk',null,'~',28,'7e518971-2c45-4e80-94a2-27ee15d15db3','uap/refer/riart/transtype/index','影响因素交 易类型',null,'N','app_12H10101_00009',null,null,'2020-04-10 14:45:54',null,'Y',null);
            go
            insert into pub_form_property(pk_form_property,areaid,classid,code,colnum,color,creationtime,creator,datatype,dataval,defaultvalue,defaultvar,define1,define2,define3,disabled,dr,editformula,hyperlinkflag,iscode,isdefined,ismultiselectedenabled,isnextrow,isrevise,istotal,itemtype,label,maxlength,metadataproperty,metaid,metapath,modifiedtime,modifier,position,proid,refcode,refname,relatemeta,required,resid,showformula,textrows,ts,validateformula,visible,width)
            values('0001ZZZZ01aca1f5fe72','0001ZZZZa37aa4cb9060','5564cb66-4558-4907-b1a9-c8e1fe0b6171','modifier','1','#111111',null,'~',204,'', null,null,null,null,null,'N',0,null,'N','N','N',null,'N','N','N','refer',null,20,'uap.user.user_name','','modifier',null,'~',15,'2845f28e-5f53-4e9f-967c-4776693fb1a7','uap/refer/riart/userDefaultRefer/index','用户',null,'N','app_12H10101_00010',null,null,'2020-04-10 14:45:54',null,'Y',null);
            go
            insert into pub_form_property(pk_form_property,areaid,classid,code,colnum,color,creationtime,creator,datatype,dataval,defaultvalue,defaultvar,define1,define2,define3,disabled,dr,editformula,hyperlinkflag,iscode,isdefined,ismultiselectedenabled,isnextrow,isrevise,istotal,itemtype,label,maxlength,metadataproperty,metaid,metapath,modifiedtime,modifier,position,proid,refcode,refname,relatemeta,required,resid,showformula,textrows,ts,validateformula,visible,width)
            values('0001ZZZZ6cc02a3a38bb','0001ZZZZa37aa4cb9060','5564cb66-4558-4907-b1a9-c8e1fe0b6171','modifiedtime','1','#111111',null,'~',34,null, null,null,null,null,null,'N',0,null,'N','N','N',null,'N','N','N','datetimepicker',null,19,NULL,'','modifiedtime',null,'~',16,'9ed6f458-a208-4be2-a12d-b907097e7632','/common-ref/','-99',null,'N','app_12H10101_00011',null,null,'2020-04-10 14:45:54',null,'Y',null);
            go
            insert into pub_form_property(pk_form_property,areaid,classid,code,colnum,color,creationtime,creator,datatype,dataval,defaultvalue,defaultvar,define1,define2,define3,disabled,dr,editformula,hyperlinkflag,iscode,isdefined,ismultiselectedenabled,isnextrow,isrevise,istotal,itemtype,label,maxlength,metadataproperty,metaid,metapath,modifiedtime,modifier,position,proid,refcode,refname,relatemeta,required,resid,showformula,textrows,ts,validateformula,visible,width)
            values('0001ZZZZ207e5a4b02bc','0001ZZZZa37aa4cb9060','5564cb66-4558-4907-b1a9-c8e1fe0b6171','creator','1','#111111',null,'~',204,'', null,null,null,null,null,'N',0,null,'N','N','N',null,'N','N','N','refer',null,20,'uap.user.user_name','','creator',null,'~',13,'27da29a2-b08f-4cfc-b474-27cd332604f4','uap/refer/riart/userDefaultRefer/index','用户',null,'N','app_12H10101_00013',null,null,'2020-04-10 14:45:54',null,'Y',null);
            go
            insert into pub_form_property(pk_form_property,areaid,classid,code,colnum,color,creationtime,creator,datatype,dataval,defaultvalue,defaultvar,define1,define2,define3,disabled,dr,editformula,hyperlinkflag,iscode,isdefined,ismultiselectedenabled,isnextrow,isrevise,istotal,itemtype,label,maxlength,metadataproperty,metaid,metapath,modifiedtime,modifier,position,proid,refcode,refname,relatemeta,required,resid,showformula,textrows,ts,validateformula,visible,width)
            values('0001ZZZZb2a6cf07c1dd','0001ZZZZa37aa4cb9060','5564cb66-4558-4907-b1a9-c8e1fe0b6171','creationtime','1','#111111',null,'~',34,null, null,null,null,null,null,'N',0,null,'N','N','N',null,'N','N','N','datetimepicker',null,19,NULL,'','creationtime',null,'~',14,'d18998fa-48f9-4ad4-8746-9a757ea868f4','/common-ref/','-99',null,'N','app_12H10101_00014',null,null,'2020-04-10 14:45:54',null,'Y',null);
            go
            insert into pub_form_property(pk_form_property,areaid,classid,code,colnum,color,creationtime,creator,datatype,dataval,defaultvalue,defaultvar,define1,define2,define3,disabled,dr,editformula,hyperlinkflag,iscode,isdefined,ismultiselectedenabled,isnextrow,isrevise,istotal,itemtype,label,maxlength,metadataproperty,metaid,metapath,modifiedtime,modifier,position,proid,refcode,refname,relatemeta,required,resid,showformula,textrows,ts,validateformula,visible,width)
            values('0001ZZZZede29b6c7014','0001ZZZZ2d8e5273d1cc','5564cb66-4558-4907-b1a9-c8e1fe0b6171','billmaker','1','#111111',null,'~',204,'', null,null,null,null,null,'N',0,null,'N','N','N',null,'N','N','N','refer',null,20,'uap.user.user_name','','billmaker',null,'~',21,'6e591cfe-eb55-4c77-8326-63b035c1f1b0','uap/refer/riart/userDefaultRefer/index','用户',null,'N','app_12H10101_00015',null,null,'2020-04-10 14:45:54',null,'Y',null);
            go
            insert into pub_form_property(pk_form_property,areaid,classid,code,colnum,color,creationtime,creator,datatype,dataval,defaultvalue,defaultvar,define1,define2,define3,disabled,dr,editformula,hyperlinkflag,iscode,isdefined,ismultiselectedenabled,isnextrow,isrevise,istotal,itemtype,label,maxlength,metadataproperty,metaid,metapath,modifiedtime,modifier,position,proid,refcode,refname,relatemeta,required,resid,showformula,textrows,ts,validateformula,visible,width)
            values('0001ZZZZede29b6c7015','0001ZZZZ2d8e5273d1cc','5564cb66-4558-4907-b1a9-c8e1fe0b6171','maketime','1','#111111',null,'~',34,null, null,null,null,null,null,'N',0,null,'N','N','N',null,'N','N','N','datetimepicker',null,19,NULL,'','maketime',null,'~',17,'05a1a6c7-685f-4815-97c5-8392c479e722','/common-ref/','-99',null,'Y','app_12H10101_00016',null,null,'2020-04-10 14:45:54',null,'Y',null);
            go
            insert into pub_form_property(pk_form_property,areaid,classid,code,colnum,color,creationtime,creator,datatype,dataval,defaultvalue,defaultvar,define1,define2,define3,disabled,dr,editformula,hyperlinkflag,iscode,isdefined,ismultiselectedenabled,isnextrow,isrevise,istotal,itemtype,label,maxlength,metadataproperty,metaid,metapath,modifiedtime,modifier,position,proid,refcode,refname,relatemeta,required,resid,showformula,textrows,ts,validateformula,visible,width)
            values('0001ZZZZede29b6c7016','0001ZZZZ2d8e5273d1cc','5564cb66-4558-4907-b1a9-c8e1fe0b6171','billno','1','#111111',null,'~',1,null, null,null,null,null,null,'Y',0,null,'N','N','N',null,'N','N','N','input',null,50,NULL,'','billno',null,'~',19,'333e05a5-27a4-4c8e-8703-19a0227ae320','/common-ref/','-99',null,'N','app_12H10101_00017',null,null,'2020-04-10 14:45:54',null,'Y',null);
            go
            insert into pub_form_property(pk_form_property,areaid,classid,code,colnum,color,creationtime,creator,datatype,dataval,defaultvalue,defaultvar,define1,define2,define3,disabled,dr,editformula,hyperlinkflag,iscode,isdefined,ismultiselectedenabled,isnextrow,isrevise,istotal,itemtype,label,maxlength,metadataproperty,metaid,metapath,modifiedtime,modifier,position,proid,refcode,refname,relatemeta,required,resid,showformula,textrows,ts,validateformula,visible,width)
            values('0001ZZZZede29b6c7018','0001ZZZZ2d8e5273d1cc','5564cb66-4558-4907-b1a9-c8e1fe0b6171','billtype','1','#111111',null,'~',204,'', null,null,null,null,null,'N',0,null,'N','N','N',null,'N','N','N','refer',null,20,'uap.BilltypeVO.billtypename','','billtype',null,'~',27,'b47bb2e7-b176-4234-96a3-63b030cbd301','uap/refer/riart/billtype/index','影响因素单据类型',null,'N','app_12H10101_00019',null,null,'2020-04-10 14:45:54',null,'Y',null);
            go
            insert into pub_form_property(pk_form_property,areaid,classid,code,colnum,color,creationtime,creator,datatype,dataval,defaultvalue,defaultvar,define1,define2,define3,disabled,dr,editformula,hyperlinkflag,iscode,isdefined,ismultiselectedenabled,isnextrow,isrevise,istotal,itemtype,label,maxlength,metadataproperty,metaid,metapath,modifiedtime,modifier,position,proid,refcode,refname,relatemeta,required,resid,showformula,textrows,ts,validateformula,visible,width)
            values('0001ZZZZede29b6c7019','0001ZZZZ2d8e5273d1cc','5564cb66-4558-4907-b1a9-c8e1fe0b6171','name','1','#111111',null,'~',1,null, null,null,null,null,null,'N',0,null,'N','N','N',null,'N','N','N','input',null,50,NULL,'','name',null,'~',3,'9572326b-3071-4e3d-860c-f23a06b84ab3','/common-ref/','-99',null,'N','app_12H10101_00020',null,null,'2020-04-10 14:45:54',null,'Y',null);
            go
            insert into pub_form_property(pk_form_property,areaid,classid,code,colnum,color,creationtime,creator,datatype,dataval,defaultvalue,defaultvar,define1,define2,define3,disabled,dr,editformula,hyperlinkflag,iscode,isdefined,ismultiselectedenabled,isnextrow,isrevise,istotal,itemtype,label,maxlength,metadataproperty,metaid,metapath,modifiedtime,modifier,position,proid,refcode,refname,relatemeta,required,resid,showformula,textrows,ts,validateformula,visible,width)
            values('0001ZZZZede29b6c7020','0001ZZZZ2d8e5273d1cc','5564cb66-4558-4907-b1a9-c8e1fe0b6171','remark','1','#111111',null,'~',1,null, null,null,null,null,null,'N',0,null,'N','N','N',null,'N','N','N','input',null,400,NULL,'','remark',null,'~',5,'47858cbd-9e7d-4af7-ba36-7fd6fb9b8ad7','/common-ref/','-99',null,'N','app_12H10101_00021',null,null,'2020-04-10 14:45:54',null,'Y',null);
            go
            insert into pub_form_property(pk_form_property,areaid,classid,code,colnum,color,creationtime,creator,datatype,dataval,defaultvalue,defaultvar,define1,define2,define3,disabled,dr,editformula,hyperlinkflag,iscode,isdefined,ismultiselectedenabled,isnextrow,isrevise,istotal,itemtype,label,maxlength,metadataproperty,metaid,metapath,modifiedtime,modifier,position,proid,refcode,refname,relatemeta,required,resid,showformula,textrows,ts,validateformula,visible,width)
            values('0001ZZZZede29b6c7025','0001ZZZZ2d8e5273d1cc','5564cb66-4558-4907-b1a9-c8e1fe0b6171','lastmaketime','1','#111111',null,'~',34,null, null,null,null,null,null,'N',0,null,'N','N','N',null,'N','N','N','datetimepicker',null,19,NULL,'','lastmaketime',null,'~',18,'65d53e9b-e515-4a7f-a94d-8de8f3dcfcf8','/common-ref/','-99',null,'N','app_12H10101_00026',null,null,'2020-04-10 14:45:54',null,'Y',null);
            go
            insert into pub_form_property(pk_form_property,areaid,classid,code,colnum,color,creationtime,creator,datatype,dataval,defaultvalue,defaultvar,define1,define2,define3,disabled,dr,editformula,hyperlinkflag,iscode,isdefined,ismultiselectedenabled,isnextrow,isrevise,istotal,itemtype,label,maxlength,metadataproperty,metaid,metapath,modifiedtime,modifier,position,proid,refcode,refname,relatemeta,required,resid,showformula,textrows,ts,validateformula,visible,width)
            values('0001ZZZZede29b6c7028','0001ZZZZ2d8e5273d1cc','5564cb66-4558-4907-b1a9-c8e1fe0b6171','pk_org','1','#111111',null,'~',204,'', null,null,null,null,null,'N',0,null,'N','N','N',null,'N','N','N','refer',null,20,'uap.org.name','','pk_org',null,'~',11,'f76d6702-f9f0-42fc-8f05-fafff4b3fa44','uapbd/refer/org/BusinessUnitAllTreeRef/index','业务单元(所有)',null,'N','app_12H10101_00029',null,null,'2020-04-10 14:45:54',null,'Y',null);
            go
            insert into pub_form_property(pk_form_property,areaid,classid,code,colnum,color,creationtime,creator,datatype,dataval,defaultvalue,defaultvar,define1,define2,define3,disabled,dr,editformula,hyperlinkflag,iscode,isdefined,ismultiselectedenabled,isnextrow,isrevise,istotal,itemtype,label,maxlength,metadataproperty,metaid,metapath,modifiedtime,modifier,position,proid,refcode,refname,relatemeta,required,resid,showformula,textrows,ts,validateformula,visible,width)
            values('0001ZZZZede29b6c7029','0001ZZZZ2d8e5273d1cc','5564cb66-4558-4907-b1a9-c8e1fe0b6171','pk_org_v','1','#111111',null,'~',204,'', null,null,null,null,null,'N',0,null,'N','N','N',null,'N','N','N','refer',null,20,'uap.org_v.name','','pk_org_v',null,'~',12,'dc996dbe-1c07-4df4-8045-d144a076b30c','uapbd/refer/orgv/BusinessUnitVersionDefaultAllTreeRef/index','业务单元版本(所有)',null,'N','app_12H10101_00030',null,null,'2020-04-10 14:45:54',null,'N',null);
            go
            insert into pub_form_property(pk_form_property,areaid,classid,code,colnum,color,creationtime,creator,datatype,dataval,defaultvalue,defaultvar,define1,define2,define3,disabled,dr,editformula,hyperlinkflag,iscode,isdefined,ismultiselectedenabled,isnextrow,isrevise,istotal,itemtype,label,maxlength,metadataproperty,metaid,metapath,modifiedtime,modifier,position,proid,refcode,refname,relatemeta,required,resid,showformula,textrows,ts,validateformula,visible,width)
            values('0001ZZZZede29b6c7030','0001ZZZZ2d8e5273d1cc','5564cb66-4558-4907-b1a9-c8e1fe0b6171','code','1','#111111',null,'~',1,null, null,null,null,null,null,'N',0,null,'N','N','N',null,'N','N','N','input',null,50,NULL,'','code',null,'~',2,'b8bb79bc-f83b-416a-8bc7-6b465883ece5','/common-ref/','-99',null,'N','app_12H10101_00031',null,null,'2020-04-10 14:45:54',null,'Y',null);
            go
            insert into pub_form_property(pk_form_property,areaid,classid,code,colnum,color,creationtime,creator,datatype,dataval,defaultvalue,defaultvar,define1,define2,define3,disabled,dr,editformula,hyperlinkflag,iscode,isdefined,ismultiselectedenabled,isnextrow,isrevise,istotal,itemtype,label,maxlength,metadataproperty,metaid,metapath,modifiedtime,modifier,position,proid,refcode,refname,relatemeta,required,resid,showformula,textrows,ts,validateformula,visible,width)
            values('0001ZZZZede29b6c7052','0001ZZZZ2d8e5273d1cc','5564cb66-4558-4907-b1a9-c8e1fe0b6171','pk_group','1','#111111',null,'~',204,'', null,null,null,null,null,'N',0,null,'N','N','N',null,'N','N','N','refer',null,20,'uap.group.name','','pk_group',null,'~',10,'92334153-3ea2-4a1d-a2e6-73937b83e378','uap/refer/riart/groupTreeRef/index','集团',null,'Y','app_12H10101_00053',null,null,'2020-04-10 14:45:54',null,'Y',null);
            go

    insert into pub_area(pk_area,areadesc,areastatus,areatype,clazz,code,creationtime,creator,dr,isunfold,metaid,metaname,metaspace,modifiedtime,modifier,name,pagination,position,relationcode,resid,templetid,ts)
    values('0001ZZZZdee7f9852e8d','子表表体浏览区-字段对照','browse',2,'nc.vo.uapbd.itfconfig.ItfConfigItemVO','card_body',null,'~',0,NULL,'5564cb66-4558-4907-b1a9-c8e1fe0b6171','单据对照','uapbd.itfconfig',null,'~','字段对照表体','',3,null,'','0001ZZZZ6e2826a5ae2f','2020-04-10 14:45:54');
    go
    insert into pub_area(pk_area,areadesc,areastatus,areatype,clazz,code,creationtime,creator,dr,isunfold,metaid,metaname,metaspace,modifiedtime,modifier,name,pagination,position,relationcode,resid,templetid,ts)
    values('0001ZZZZ6d964b134da3','子表表体编辑区-字段对照','edit',1,'nc.vo.uapbd.itfconfig.ItfConfigItemVO','card_body_edit',null,'~',0,NULL,'5564cb66-4558-4907-b1a9-c8e1fe0b6171','单据对照','uapbd.itfconfig',null,'~','字段对照','',4,'card_body','','0001ZZZZ6e2826a5ae2f','2020-04-10 14:45:54');
    go
    insert into pub_area(pk_area,areadesc,areastatus,areatype,clazz,code,creationtime,creator,dr,isunfold,metaid,metaname,metaspace,modifiedtime,modifier,name,pagination,position,relationcode,resid,templetid,ts)
    values('0001ZZZZ8a3ba94c5767','子表表体编辑浏览区-字段对照','browse',1,'nc.vo.uapbd.itfconfig.ItfConfigItemVO','card_body_browse',null,'~',0,NULL,'5564cb66-4558-4907-b1a9-c8e1fe0b6171','单据对照','uapbd.itfconfig',null,'~','字段对照','',5,'card_body','','0001ZZZZ6e2826a5ae2f','2020-04-10 14:45:54');
    go
            insert into pub_form_property(pk_form_property,areaid,classid,code,colnum,color,creationtime,creator,datatype,dataval,defaultvalue,defaultvar,define1,define2,define3,disabled,dr,editformula,hyperlinkflag,iscode,isdefined,ismultiselectedenabled,isnextrow,isrevise,istotal,itemtype,label,maxlength,metadataproperty,metaid,metapath,modifiedtime,modifier,position,proid,refcode,refname,relatemeta,required,resid,showformula,textrows,ts,validateformula,visible,width)
            values('0001ZZZZaa7ab2c00001','0001ZZZZdee7f9852e8d','5564cb66-4558-4907-b1a9-c8e1fe0b6171','nccfieldname','1','#111111',null,'~',1,null, null,null,null,null,null,'N',0,null,'N','N','N',null,'N','N','N','input','NCC字段名称',50,NULL,'','itfconfigitemvo.nccfieldname',null,'~',10,'4f3c3a72-44a4-4916-b4b9-3274e803100f',null,null,null,'N','app_12H10101_00001',null,null,'2020-04-10 14:45:54',null,'Y',null);
            go
            insert into pub_form_property(pk_form_property,areaid,classid,code,colnum,color,creationtime,creator,datatype,dataval,defaultvalue,defaultvar,define1,define2,define3,disabled,dr,editformula,hyperlinkflag,iscode,isdefined,ismultiselectedenabled,isnextrow,isrevise,istotal,itemtype,label,maxlength,metadataproperty,metaid,metapath,modifiedtime,modifier,position,proid,refcode,refname,relatemeta,required,resid,showformula,textrows,ts,validateformula,visible,width)
            values('0001ZZZZaa7ab2c00002','0001ZZZZ6d964b134da3','5564cb66-4558-4907-b1a9-c8e1fe0b6171','nccfieldname','1','#111111',null,'~',1,null, null,null,null,null,null,'N',0,null,'N','N','N',null,'N','N','N','input','NCC字段名称',50,NULL,'','itfconfigitemvo.nccfieldname',null,'~',10,'32ba02f5-3701-42ab-b086-1a6a5bf9f749',null,null,null,'N','app_12H10101_00001',null,null,'2020-04-10 14:45:54',null,'Y',null);
            go
            insert into pub_form_property(pk_form_property,areaid,classid,code,colnum,color,creationtime,creator,datatype,dataval,defaultvalue,defaultvar,define1,define2,define3,disabled,dr,editformula,hyperlinkflag,iscode,isdefined,ismultiselectedenabled,isnextrow,isrevise,istotal,itemtype,label,maxlength,metadataproperty,metaid,metapath,modifiedtime,modifier,position,proid,refcode,refname,relatemeta,required,resid,showformula,textrows,ts,validateformula,visible,width)
            values('0001ZZZZaa7ab2c00003','0001ZZZZ8a3ba94c5767','5564cb66-4558-4907-b1a9-c8e1fe0b6171','nccfieldname','1','#111111',null,'~',1,null, null,null,null,null,null,'N',0,null,'N','N','N',null,'N','N','N','input','NCC字段名称',50,NULL,'','itfconfigitemvo.nccfieldname',null,'~',10,'2ba62503-5018-4277-ab2a-6fe0862d21e8',null,null,null,'N','app_12H10101_00001',null,null,'2020-04-10 14:45:54',null,'Y',null);
            go
            insert into pub_form_property(pk_form_property,areaid,classid,code,colnum,color,creationtime,creator,datatype,dataval,defaultvalue,defaultvar,define1,define2,define3,disabled,dr,editformula,hyperlinkflag,iscode,isdefined,ismultiselectedenabled,isnextrow,isrevise,istotal,itemtype,label,maxlength,metadataproperty,metaid,metapath,modifiedtime,modifier,position,proid,refcode,refname,relatemeta,required,resid,showformula,textrows,ts,validateformula,visible,width)
            values('0001ZZZZaa7ab2c00004','0001ZZZZdee7f9852e8d','5564cb66-4558-4907-b1a9-c8e1fe0b6171','nccfieldcode','1','#111111',null,'~',1,null, null,null,null,null,null,'N',0,null,'N','N','N',null,'N','N','N','input','NCC字段编码',50,NULL,'','itfconfigitemvo.nccfieldcode',null,'~',9,'3a216275-239e-4321-8939-b22333abe3e4',null,null,null,'N','app_12H10101_00002',null,null,'2020-04-10 14:45:54',null,'Y',null);
            go
            insert into pub_form_property(pk_form_property,areaid,classid,code,colnum,color,creationtime,creator,datatype,dataval,defaultvalue,defaultvar,define1,define2,define3,disabled,dr,editformula,hyperlinkflag,iscode,isdefined,ismultiselectedenabled,isnextrow,isrevise,istotal,itemtype,label,maxlength,metadataproperty,metaid,metapath,modifiedtime,modifier,position,proid,refcode,refname,relatemeta,required,resid,showformula,textrows,ts,validateformula,visible,width)
            values('0001ZZZZaa7ab2c00005','0001ZZZZ6d964b134da3','5564cb66-4558-4907-b1a9-c8e1fe0b6171','nccfieldcode','1','#111111',null,'~',1,null, null,null,null,null,null,'N',0,null,'N','N','N',null,'N','N','N','input','NCC字段编码',50,NULL,'','itfconfigitemvo.nccfieldcode',null,'~',9,'f56ef12b-b21e-4c69-94c8-2d6970e5731b',null,null,null,'N','app_12H10101_00002',null,null,'2020-04-10 14:45:54',null,'Y',null);
            go
            insert into pub_form_property(pk_form_property,areaid,classid,code,colnum,color,creationtime,creator,datatype,dataval,defaultvalue,defaultvar,define1,define2,define3,disabled,dr,editformula,hyperlinkflag,iscode,isdefined,ismultiselectedenabled,isnextrow,isrevise,istotal,itemtype,label,maxlength,metadataproperty,metaid,metapath,modifiedtime,modifier,position,proid,refcode,refname,relatemeta,required,resid,showformula,textrows,ts,validateformula,visible,width)
            values('0001ZZZZaa7ab2c00006','0001ZZZZ8a3ba94c5767','5564cb66-4558-4907-b1a9-c8e1fe0b6171','nccfieldcode','1','#111111',null,'~',1,null, null,null,null,null,null,'N',0,null,'N','N','N',null,'N','N','N','input','NCC字段编码',50,NULL,'','itfconfigitemvo.nccfieldcode',null,'~',9,'801129a0-b971-4adb-8aed-822dfc0cd72e',null,null,null,'N','app_12H10101_00002',null,null,'2020-04-10 14:45:54',null,'Y',null);
            go
            insert into pub_form_property(pk_form_property,areaid,classid,code,colnum,color,creationtime,creator,datatype,dataval,defaultvalue,defaultvar,define1,define2,define3,disabled,dr,editformula,hyperlinkflag,iscode,isdefined,ismultiselectedenabled,isnextrow,isrevise,istotal,itemtype,label,maxlength,metadataproperty,metaid,metapath,modifiedtime,modifier,position,proid,refcode,refname,relatemeta,required,resid,showformula,textrows,ts,validateformula,visible,width)
            values('0001ZZZZaa7ab2c00007','0001ZZZZdee7f9852e8d','5564cb66-4558-4907-b1a9-c8e1fe0b6171','busifieldname','1','#111111',null,'~',1,null, null,null,null,null,null,'N',0,null,'N','N','N',null,'N','N','N','input','业务字段名称',50,NULL,'','itfconfigitemvo.busifieldname',null,'~',7,'b932a362-61b9-49b2-ac19-d6cb4b473015',null,null,null,'N','app_12H10101_00004',null,null,'2020-04-10 14:45:54',null,'Y',null);
            go
            insert into pub_form_property(pk_form_property,areaid,classid,code,colnum,color,creationtime,creator,datatype,dataval,defaultvalue,defaultvar,define1,define2,define3,disabled,dr,editformula,hyperlinkflag,iscode,isdefined,ismultiselectedenabled,isnextrow,isrevise,istotal,itemtype,label,maxlength,metadataproperty,metaid,metapath,modifiedtime,modifier,position,proid,refcode,refname,relatemeta,required,resid,showformula,textrows,ts,validateformula,visible,width)
            values('0001ZZZZaa7ab2c00008','0001ZZZZ6d964b134da3','5564cb66-4558-4907-b1a9-c8e1fe0b6171','busifieldname','1','#111111',null,'~',1,null, null,null,null,null,null,'N',0,null,'N','N','N',null,'N','N','N','input','业务字段名称',50,NULL,'','itfconfigitemvo.busifieldname',null,'~',7,'ba1e13b3-a77b-452e-96ad-c58ae95b3a6b',null,null,null,'N','app_12H10101_00004',null,null,'2020-04-10 14:45:54',null,'Y',null);
            go
            insert into pub_form_property(pk_form_property,areaid,classid,code,colnum,color,creationtime,creator,datatype,dataval,defaultvalue,defaultvar,define1,define2,define3,disabled,dr,editformula,hyperlinkflag,iscode,isdefined,ismultiselectedenabled,isnextrow,isrevise,istotal,itemtype,label,maxlength,metadataproperty,metaid,metapath,modifiedtime,modifier,position,proid,refcode,refname,relatemeta,required,resid,showformula,textrows,ts,validateformula,visible,width)
            values('0001ZZZZaa7ab2c00009','0001ZZZZ8a3ba94c5767','5564cb66-4558-4907-b1a9-c8e1fe0b6171','busifieldname','1','#111111',null,'~',1,null, null,null,null,null,null,'N',0,null,'N','N','N',null,'N','N','N','input','业务字段名称',50,NULL,'','itfconfigitemvo.busifieldname',null,'~',7,'5dee9310-1ab1-4cc5-a6fd-35ed9e535d3a',null,null,null,'N','app_12H10101_00004',null,null,'2020-04-10 14:45:54',null,'Y',null);
            go
            insert into pub_form_property(pk_form_property,areaid,classid,code,colnum,color,creationtime,creator,datatype,dataval,defaultvalue,defaultvar,define1,define2,define3,disabled,dr,editformula,hyperlinkflag,iscode,isdefined,ismultiselectedenabled,isnextrow,isrevise,istotal,itemtype,label,maxlength,metadataproperty,metaid,metapath,modifiedtime,modifier,position,proid,refcode,refname,relatemeta,required,resid,showformula,textrows,ts,validateformula,visible,width)
            values('0001ZZZZaa7ab2c00010','0001ZZZZdee7f9852e8d','5564cb66-4558-4907-b1a9-c8e1fe0b6171','busifieldcode','1','#111111',null,'~',1,null, null,null,null,null,null,'N',0,null,'N','N','N',null,'N','N','N','input','业务字段编码',50,NULL,'','itfconfigitemvo.busifieldcode',null,'~',6,'44fbe74e-1b27-46c8-8c3f-a2d3912fdfd1',null,null,null,'N','app_12H10101_00005',null,null,'2020-04-10 14:45:54',null,'Y',null);
            go
            insert into pub_form_property(pk_form_property,areaid,classid,code,colnum,color,creationtime,creator,datatype,dataval,defaultvalue,defaultvar,define1,define2,define3,disabled,dr,editformula,hyperlinkflag,iscode,isdefined,ismultiselectedenabled,isnextrow,isrevise,istotal,itemtype,label,maxlength,metadataproperty,metaid,metapath,modifiedtime,modifier,position,proid,refcode,refname,relatemeta,required,resid,showformula,textrows,ts,validateformula,visible,width)
            values('0001ZZZZaa7ab2c00011','0001ZZZZ6d964b134da3','5564cb66-4558-4907-b1a9-c8e1fe0b6171','busifieldcode','1','#111111',null,'~',1,null, null,null,null,null,null,'N',0,null,'N','N','N',null,'N','N','N','input','业务字段编码',50,NULL,'','itfconfigitemvo.busifieldcode',null,'~',6,'64a5da6c-df2c-4d6a-a85f-f736d979c293',null,null,null,'N','app_12H10101_00005',null,null,'2020-04-10 14:45:54',null,'Y',null);
            go
            insert into pub_form_property(pk_form_property,areaid,classid,code,colnum,color,creationtime,creator,datatype,dataval,defaultvalue,defaultvar,define1,define2,define3,disabled,dr,editformula,hyperlinkflag,iscode,isdefined,ismultiselectedenabled,isnextrow,isrevise,istotal,itemtype,label,maxlength,metadataproperty,metaid,metapath,modifiedtime,modifier,position,proid,refcode,refname,relatemeta,required,resid,showformula,textrows,ts,validateformula,visible,width)
            values('0001ZZZZaa7ab2c00012','0001ZZZZ8a3ba94c5767','5564cb66-4558-4907-b1a9-c8e1fe0b6171','busifieldcode','1','#111111',null,'~',1,null, null,null,null,null,null,'N',0,null,'N','N','N',null,'N','N','N','input','业务字段编码',50,NULL,'','itfconfigitemvo.busifieldcode',null,'~',6,'3167cae7-ca28-497f-96d1-b07848d467e0',null,null,null,'N','app_12H10101_00005',null,null,'2020-04-10 14:45:54',null,'Y',null);
            go
            insert into pub_form_property(pk_form_property,areaid,classid,code,colnum,color,creationtime,creator,datatype,dataval,defaultvalue,defaultvar,define1,define2,define3,disabled,dr,editformula,hyperlinkflag,iscode,isdefined,ismultiselectedenabled,isnextrow,isrevise,istotal,itemtype,label,maxlength,metadataproperty,metaid,metapath,modifiedtime,modifier,position,proid,refcode,refname,relatemeta,required,resid,showformula,textrows,ts,validateformula,visible,width)
            values('0001ZZZZaa7ab2c00013','0001ZZZZdee7f9852e8d','5564cb66-4558-4907-b1a9-c8e1fe0b6171','fieldposition','1','#111111',null,'~',203,'表体=BODY,表头=HEAD', null,null,null,null,null,'N',0,null,'N','N','N',null,'N','N','N','select','字段位置',50,NULL,'','itfconfigitemvo.fieldposition',null,'~',8,'b78723db-3220-465c-a098-5c541a57c84e',null,null,null,'N','app_12H10101_00006',null,null,'2020-04-10 14:45:54',null,'Y',null);
            go
            insert into pub_form_property(pk_form_property,areaid,classid,code,colnum,color,creationtime,creator,datatype,dataval,defaultvalue,defaultvar,define1,define2,define3,disabled,dr,editformula,hyperlinkflag,iscode,isdefined,ismultiselectedenabled,isnextrow,isrevise,istotal,itemtype,label,maxlength,metadataproperty,metaid,metapath,modifiedtime,modifier,position,proid,refcode,refname,relatemeta,required,resid,showformula,textrows,ts,validateformula,visible,width)
            values('0001ZZZZaa7ab2c00014','0001ZZZZ6d964b134da3','5564cb66-4558-4907-b1a9-c8e1fe0b6171','fieldposition','1','#111111',null,'~',203,'表体=BODY,表头=HEAD', null,null,null,null,null,'N',0,null,'N','N','N',null,'N','N','N','select','字段位置',50,NULL,'','itfconfigitemvo.fieldposition',null,'~',8,'5cd14687-cd91-4840-9fb8-b14727999c55',null,null,null,'N','app_12H10101_00006',null,null,'2020-04-10 14:45:54',null,'Y',null);
            go
            insert into pub_form_property(pk_form_property,areaid,classid,code,colnum,color,creationtime,creator,datatype,dataval,defaultvalue,defaultvar,define1,define2,define3,disabled,dr,editformula,hyperlinkflag,iscode,isdefined,ismultiselectedenabled,isnextrow,isrevise,istotal,itemtype,label,maxlength,metadataproperty,metaid,metapath,modifiedtime,modifier,position,proid,refcode,refname,relatemeta,required,resid,showformula,textrows,ts,validateformula,visible,width)
            values('0001ZZZZaa7ab2c00015','0001ZZZZ8a3ba94c5767','5564cb66-4558-4907-b1a9-c8e1fe0b6171','fieldposition','1','#111111',null,'~',203,'表体=BODY,表头=HEAD', null,null,null,null,null,'N',0,null,'N','N','N',null,'N','N','N','select','字段位置',50,NULL,'','itfconfigitemvo.fieldposition',null,'~',8,'516de4c4-b155-47bc-8df3-9d15220a7eca',null,null,null,'N','app_12H10101_00006',null,null,'2020-04-10 14:45:54',null,'Y',null);
            go
            insert into pub_form_property(pk_form_property,areaid,classid,code,colnum,color,creationtime,creator,datatype,dataval,defaultvalue,defaultvar,define1,define2,define3,disabled,dr,editformula,hyperlinkflag,iscode,isdefined,ismultiselectedenabled,isnextrow,isrevise,istotal,itemtype,label,maxlength,metadataproperty,metaid,metapath,modifiedtime,modifier,position,proid,refcode,refname,relatemeta,required,resid,showformula,textrows,ts,validateformula,visible,width)
            values('0001ZZZZaa7ab2c00016','0001ZZZZdee7f9852e8d','5564cb66-4558-4907-b1a9-c8e1fe0b6171','fieldsign','1','#111111',null,'~',203,'单据主键=BILLID,单据号=BILLNO,单据类型=BILLTYPE,公司=CORP', null,null,null,null,null,'N',0,null,'N','N','N',null,'N','N','N','select','字段标记',50,NULL,'','itfconfigitemvo.fieldsign',null,'~',11,'128cff2d-dd43-4ba7-bff5-ea7c8e687453',null,null,null,'N','app_12H10101_00007',null,null,'2020-04-10 14:45:54',null,'Y',null);
            go
            insert into pub_form_property(pk_form_property,areaid,classid,code,colnum,color,creationtime,creator,datatype,dataval,defaultvalue,defaultvar,define1,define2,define3,disabled,dr,editformula,hyperlinkflag,iscode,isdefined,ismultiselectedenabled,isnextrow,isrevise,istotal,itemtype,label,maxlength,metadataproperty,metaid,metapath,modifiedtime,modifier,position,proid,refcode,refname,relatemeta,required,resid,showformula,textrows,ts,validateformula,visible,width)
            values('0001ZZZZaa7ab2c00017','0001ZZZZ6d964b134da3','5564cb66-4558-4907-b1a9-c8e1fe0b6171','fieldsign','1','#111111',null,'~',203,'单据主键=BILLID,单据号=BILLNO,单据类型=BILLTYPE,公司=CORP', null,null,null,null,null,'N',0,null,'N','N','N',null,'N','N','N','select','字段标记',50,NULL,'','itfconfigitemvo.fieldsign',null,'~',11,'8f44c528-67fc-4085-9156-a1b4678063be',null,null,null,'N','app_12H10101_00007',null,null,'2020-04-10 14:45:54',null,'Y',null);
            go
            insert into pub_form_property(pk_form_property,areaid,classid,code,colnum,color,creationtime,creator,datatype,dataval,defaultvalue,defaultvar,define1,define2,define3,disabled,dr,editformula,hyperlinkflag,iscode,isdefined,ismultiselectedenabled,isnextrow,isrevise,istotal,itemtype,label,maxlength,metadataproperty,metaid,metapath,modifiedtime,modifier,position,proid,refcode,refname,relatemeta,required,resid,showformula,textrows,ts,validateformula,visible,width)
            values('0001ZZZZaa7ab2c00018','0001ZZZZ8a3ba94c5767','5564cb66-4558-4907-b1a9-c8e1fe0b6171','fieldsign','1','#111111',null,'~',203,'单据主键=BILLID,单据号=BILLNO,单据类型=BILLTYPE,公司=CORP', null,null,null,null,null,'N',0,null,'N','N','N',null,'N','N','N','select','字段标记',50,NULL,'','itfconfigitemvo.fieldsign',null,'~',11,'53949674-c7a3-44fc-99a2-99a627210e2a',null,null,null,'N','app_12H10101_00007',null,null,'2020-04-10 14:45:54',null,'Y',null);
            go
            insert into pub_form_property(pk_form_property,areaid,classid,code,colnum,color,creationtime,creator,datatype,dataval,defaultvalue,defaultvar,define1,define2,define3,disabled,dr,editformula,hyperlinkflag,iscode,isdefined,ismultiselectedenabled,isnextrow,isrevise,istotal,itemtype,label,maxlength,metadataproperty,metaid,metapath,modifiedtime,modifier,position,proid,refcode,refname,relatemeta,required,resid,showformula,textrows,ts,validateformula,visible,width)
            values('0001ZZZZaa7ab2c00019','0001ZZZZdee7f9852e8d','5564cb66-4558-4907-b1a9-c8e1fe0b6171','isdefault','1','#111111',null,'~',32,null, null,null,null,null,null,'N',0,null,'N','N','N',null,'N','N','N','checkbox_switch','是否取默认值',1,NULL,'','itfconfigitemvo.isdefault',null,'~',12,'2bb741c6-434e-4663-90cc-8e06f4c0276e',null,null,null,'N','app_12H10101_00008',null,null,'2020-04-10 14:45:54',null,'Y',null);
            go
            insert into pub_form_property(pk_form_property,areaid,classid,code,colnum,color,creationtime,creator,datatype,dataval,defaultvalue,defaultvar,define1,define2,define3,disabled,dr,editformula,hyperlinkflag,iscode,isdefined,ismultiselectedenabled,isnextrow,isrevise,istotal,itemtype,label,maxlength,metadataproperty,metaid,metapath,modifiedtime,modifier,position,proid,refcode,refname,relatemeta,required,resid,showformula,textrows,ts,validateformula,visible,width)
            values('0001ZZZZaa7ab2c00020','0001ZZZZ6d964b134da3','5564cb66-4558-4907-b1a9-c8e1fe0b6171','isdefault','1','#111111',null,'~',32,null, null,null,null,null,null,'N',0,null,'N','N','N',null,'N','N','N','checkbox_switch','是否取默认值',1,NULL,'','itfconfigitemvo.isdefault',null,'~',12,'2692ec81-29f5-4a1f-a766-9c1d2b3ef18e',null,null,null,'N','app_12H10101_00008',null,null,'2020-04-10 14:45:54',null,'Y',null);
            go
            insert into pub_form_property(pk_form_property,areaid,classid,code,colnum,color,creationtime,creator,datatype,dataval,defaultvalue,defaultvar,define1,define2,define3,disabled,dr,editformula,hyperlinkflag,iscode,isdefined,ismultiselectedenabled,isnextrow,isrevise,istotal,itemtype,label,maxlength,metadataproperty,metaid,metapath,modifiedtime,modifier,position,proid,refcode,refname,relatemeta,required,resid,showformula,textrows,ts,validateformula,visible,width)
            values('0001ZZZZaa7ab2c00021','0001ZZZZ8a3ba94c5767','5564cb66-4558-4907-b1a9-c8e1fe0b6171','isdefault','1','#111111',null,'~',32,null, null,null,null,null,null,'N',0,null,'N','N','N',null,'N','N','N','checkbox_switch','是否取默认值',1,NULL,'','itfconfigitemvo.isdefault',null,'~',12,'ae62f605-fd5e-49a9-9ba2-c5a9f8f38ac6',null,null,null,'N','app_12H10101_00008',null,null,'2020-04-10 14:45:54',null,'Y',null);
            go
