insert into pub_page_templet(pk_page_templet,appcode,clazz,code,creationtime,creator,dr,headcode,isdefault,metaid,modifiedtime,modifier,name,pagecode,parentid,pk_group,pk_org,resid,resmodule,templetdesc,ts)
values('0001ZZZZ0deaed51e91c','12H10101','nc.vo.uapbd.itfconfig.AggItfConfigBillVO','12H10101_LIST',null,'~',0,'list_head','Y','',null,'~','业务系统接口配置列表页面','12H10101_LIST','root',null,null,'12H10101_LIST','','','2020-04-10 14:45:54');
go

insert into pub_page_templet(pk_page_templet,appcode,clazz,code,creationtime,creator,dr,headcode,isdefault,metaid,modifiedtime,modifier,name,pagecode,parentid,pk_group,pk_org,resid,resmodule,templetdesc,ts)
values('0001ZZZZd8e810f50128','12H10101','nc.vo.uapbd.itfconfig.AggItfConfigBillVO','12H10101_CARD',null,'~',0,'card_head','N','',null,'~','业务系统接口配置卡片','12H10101_CARD','root',null,null,'12H10101_CARD','','','2020-04-10 14:45:54');
go

insert into pub_area(pk_area,areadesc,areastatus,areatype,clazz,code,creationtime,creator,dr,isunfold,metaid,metaname,metaspace,modifiedtime,modifier,name,pagination,position,relationcode,resid,templetid,ts)
values('0001ZZZZ9ed0df82ad38','','browse',0,'nc.vo.uapbd.itfconfig.ItfConfigBillVO','list_query',null,'~',0,'Y','5564cb66-4558-4907-b1a9-c8e1fe0b6171','单据对照','uapbd.itfconfig',null,'~','查询','',1,null,'','0001ZZZZ0deaed51e91c','2020-04-10 14:45:54');
go
insert into pub_area(pk_area,areadesc,areastatus,areatype,clazz,code,creationtime,creator,dr,isunfold,metaid,metaname,metaspace,modifiedtime,modifier,name,pagination,position,relationcode,resid,templetid,ts)
values('0001ZZZZ3c7de8f11ef5','','browse',2,'nc.vo.uapbd.itfconfig.ItfConfigBillVO','list_head',null,'~',0,'Y','5564cb66-4558-4907-b1a9-c8e1fe0b6171','单据对照','uapbd.itfconfig',null,'~','列表','',2,null,'','0001ZZZZ0deaed51e91c','2020-04-10 14:45:54');
go
insert into pub_area(pk_area,areadesc,areastatus,areatype,clazz,code,creationtime,creator,dr,isunfold,metaid,metaname,metaspace,modifiedtime,modifier,name,pagination,position,relationcode,resid,templetid,ts)
values('0001ZZZZ63df68c03abd','','browse',1,'nc.vo.uapbd.itfconfig.ItfConfigBillVO','card_head',null,'~',0,'Y','5564cb66-4558-4907-b1a9-c8e1fe0b6171','单据对照','uapbd.itfconfig',null,'','ItfConfigBillVO表头','',1,null,'app_12H10101_00044','0001ZZZZd8e810f50128','2020-04-10 14:45:54');
go
insert into pub_area(pk_area,areadesc,areastatus,areatype,clazz,code,creationtime,creator,dr,isunfold,metaid,metaname,metaspace,modifiedtime,modifier,name,pagination,position,relationcode,resid,templetid,ts)
values('0001ZZZZ3ec8b3b722d2','操作信息','browse',1,'nc.vo.uapbd.itfconfig.ItfConfigBillVO','card_operate',null,'~',0,'Y','5564cb66-4558-4907-b1a9-c8e1fe0b6171','单据对照','uapbd.itfconfig',null,'','ItfConfigBillVO','',2,'card_head','app_12H10101_00064','0001ZZZZd8e810f50128','2020-04-10 14:45:54');
go

            insert into pub_query_property(pk_query_property,areaid,classid,code,containlower,creationtime,creator,datatype,dataval,defaultvalue,define1,define2,define3,define4,define5,disabled,dr,isbeyondorg,ischeck,isdefined,isfixedcondition,ismultiselectedenabled,isnotmeta,isquerycondition,isuse,itemtype,label,maxlength,metadataproperty,metapath,opersign,opersignname,position,proid,querytablename,refcode,refname,required,resid,returntype,showtype,tablecode,ts,usefunc,visible,visibleposition,width)
            values('0001ZZZZ201d7c8f7369','0001ZZZZ9ed0df82ad38','5564cb66-4558-4907-b1a9-c8e1fe0b6171','nccbilltype',null,null,'~',204,'','','','','','','','N',0,'N','N','N','N','N','N','Y','Y','refer','NCC单据类型',20,'uap.BilltypeVO.billtypename','nccbilltype','=@','等于@',8,'1a4e219d-831b-4e6c-a9d6-3ce7f7c09752','','uap/refer/riart/billtype/index','影响因素单据类型','N','','refpk',1,'','2020-04-10 14:45:54','N','Y',null,1);
            go
            insert into pub_query_property(pk_query_property,areaid,classid,code,containlower,creationtime,creator,datatype,dataval,defaultvalue,define1,define2,define3,define4,define5,disabled,dr,isbeyondorg,ischeck,isdefined,isfixedcondition,ismultiselectedenabled,isnotmeta,isquerycondition,isuse,itemtype,label,maxlength,metadataproperty,metapath,opersign,opersignname,position,proid,querytablename,refcode,refname,required,resid,returntype,showtype,tablecode,ts,usefunc,visible,visibleposition,width)
            values('0001ZZZZe4970bd81c8c','0001ZZZZ9ed0df82ad38','5564cb66-4558-4907-b1a9-c8e1fe0b6171','nccbilltypecode',null,null,'~',1,'','','','','','','','N',0,'N','N','N','N','N','N','Y','Y','input','NCC单据类型编码',50,NULL,'nccbilltypecode','=@','等于@',9,'ef12a882-b298-4cf4-bbf3-23fcd3e2482f','','/common-ref/','-99','N','','refpk',1,'','2020-04-10 14:45:54','N','Y',null,1);
            go
            insert into pub_query_property(pk_query_property,areaid,classid,code,containlower,creationtime,creator,datatype,dataval,defaultvalue,define1,define2,define3,define4,define5,disabled,dr,isbeyondorg,ischeck,isdefined,isfixedcondition,ismultiselectedenabled,isnotmeta,isquerycondition,isuse,itemtype,label,maxlength,metadataproperty,metapath,opersign,opersignname,position,proid,querytablename,refcode,refname,required,resid,returntype,showtype,tablecode,ts,usefunc,visible,visibleposition,width)
            values('0001ZZZZ2756360f9f1b','0001ZZZZ9ed0df82ad38','5564cb66-4558-4907-b1a9-c8e1fe0b6171','name',null,null,'~',1,'','','','','','','','N',0,'N','N','N','N','N','N','Y','Y','input','名称',50,NULL,'name','=@','等于@',3,'404363e1-3445-4afd-bc97-3a27bb1752a8','','/common-ref/','-99','N','','refpk',1,'','2020-04-10 14:45:54','N','Y',null,1);
            go
            insert into pub_query_property(pk_query_property,areaid,classid,code,containlower,creationtime,creator,datatype,dataval,defaultvalue,define1,define2,define3,define4,define5,disabled,dr,isbeyondorg,ischeck,isdefined,isfixedcondition,ismultiselectedenabled,isnotmeta,isquerycondition,isuse,itemtype,label,maxlength,metadataproperty,metapath,opersign,opersignname,position,proid,querytablename,refcode,refname,required,resid,returntype,showtype,tablecode,ts,usefunc,visible,visibleposition,width)
            values('0001ZZZZ529700a87ac4','0001ZZZZ9ed0df82ad38','5564cb66-4558-4907-b1a9-c8e1fe0b6171','remark',null,null,'~',1,'','','','','','','','N',0,'N','N','N','N','N','N','Y','Y','input','备注',400,NULL,'remark','=@','等于@',5,'f714d0a2-92ed-45fc-a49c-655fee0d9495','','/common-ref/','-99','N','','refpk',1,'','2020-04-10 14:45:54','N','Y',null,1);
            go
            insert into pub_query_property(pk_query_property,areaid,classid,code,containlower,creationtime,creator,datatype,dataval,defaultvalue,define1,define2,define3,define4,define5,disabled,dr,isbeyondorg,ischeck,isdefined,isfixedcondition,ismultiselectedenabled,isnotmeta,isquerycondition,isuse,itemtype,label,maxlength,metadataproperty,metapath,opersign,opersignname,position,proid,querytablename,refcode,refname,required,resid,returntype,showtype,tablecode,ts,usefunc,visible,visibleposition,width)
            values('0001ZZZZ3c20811923d1','0001ZZZZ9ed0df82ad38','5564cb66-4558-4907-b1a9-c8e1fe0b6171','code',null,null,'~',1,'','','','','','','','N',0,'N','N','N','N','N','N','Y','Y','input','编码',50,NULL,'code','=@','等于@',2,'acd021c3-6949-4a8d-b277-fcad1b458d42','','/common-ref/','-99','N','','refpk',1,'','2020-04-10 14:45:54','N','Y',null,1);
            go


        insert into pub_form_property(pk_form_property,areaid,classid,code,colnum,color,creationtime,creator,datatype,dataval,defaultvalue,defaultvar,define1,define2,define3,disabled,dr,editformula,hyperlinkflag,iscode,isdefined,ismultiselectedenabled,isnextrow,isrevise,istotal,itemtype,label,maxlength,metadataproperty,metaid,metapath,modifiedtime,modifier,position,proid,refcode,refname,relatemeta,required,resid,showformula,textrows,ts,validateformula,visible,width)
        values('0001ZZZZfb0835d66001','0001ZZZZ3c7de8f11ef5','5564cb66-4558-4907-b1a9-c8e1fe0b6171','nccbilltype',null,'#111111',null,'~',204, '', null,null,null,null,null,'N',0,null,'N','N','N',null,'N','N','N','refer',null,20,'uap.BilltypeVO.billtypename','b0fa41cd-a649-4309-b685-d341a5d1b0ed','nccbilltype',null,'~',8,'1c9482f1-aacf-47c4-af6c-493230520675','uap/refer/riart/billtype/index','影响因素单据类型',null,'N','app_12H10101_00002',null,null,'2020-04-10 14:45:54',null,'Y',null);
        go

        insert into pub_form_property(pk_form_property,areaid,classid,code,colnum,color,creationtime,creator,datatype,dataval,defaultvalue,defaultvar,define1,define2,define3,disabled,dr,editformula,hyperlinkflag,iscode,isdefined,ismultiselectedenabled,isnextrow,isrevise,istotal,itemtype,label,maxlength,metadataproperty,metaid,metapath,modifiedtime,modifier,position,proid,refcode,refname,relatemeta,required,resid,showformula,textrows,ts,validateformula,visible,width)
        values('0001ZZZZfb0835d66002','0001ZZZZ3c7de8f11ef5','5564cb66-4558-4907-b1a9-c8e1fe0b6171','nccbilltypecode',null,'#111111',null,'~',1, null, null,null,null,null,null,'N',0,null,'N','N','N',null,'N','N','N','input',null,50,NULL,'','nccbilltypecode',null,'~',9,'968d3654-a3f7-477d-b0c0-feaec6eee3e6','/common-ref/','-99',null,'N','app_12H10101_00003',null,null,'2020-04-10 14:45:54',null,'Y',null);
        go

        insert into pub_form_property(pk_form_property,areaid,classid,code,colnum,color,creationtime,creator,datatype,dataval,defaultvalue,defaultvar,define1,define2,define3,disabled,dr,editformula,hyperlinkflag,iscode,isdefined,ismultiselectedenabled,isnextrow,isrevise,istotal,itemtype,label,maxlength,metadataproperty,metaid,metapath,modifiedtime,modifier,position,proid,refcode,refname,relatemeta,required,resid,showformula,textrows,ts,validateformula,visible,width)
        values('0001ZZZZfb0835d66006','0001ZZZZ3c7de8f11ef5','5564cb66-4558-4907-b1a9-c8e1fe0b6171','busitype',null,'#111111',null,'~',1, null, null,null,null,null,null,'N',0,null,'N','N','N',null,'N','N','N','input',null,50,NULL,'','busitype',null,'~',20,'41dda308-a760-4d1e-a440-732cd7db5ab1','/common-ref/','-99',null,'N','app_12H10101_00007',null,null,'2020-04-10 14:45:54',null,'Y',null);
        go

        insert into pub_form_property(pk_form_property,areaid,classid,code,colnum,color,creationtime,creator,datatype,dataval,defaultvalue,defaultvar,define1,define2,define3,disabled,dr,editformula,hyperlinkflag,iscode,isdefined,ismultiselectedenabled,isnextrow,isrevise,istotal,itemtype,label,maxlength,metadataproperty,metaid,metapath,modifiedtime,modifier,position,proid,refcode,refname,relatemeta,required,resid,showformula,textrows,ts,validateformula,visible,width)
        values('0001ZZZZfb0835d66007','0001ZZZZ3c7de8f11ef5','5564cb66-4558-4907-b1a9-c8e1fe0b6171','transtype',null,'#111111',null,'~',1, null, null,null,null,null,null,'N',0,null,'N','N','N',null,'N','N','N','input',null,50,NULL,'','transtype',null,'~',26,'8d07fabc-ebde-441d-8568-ab47628f123c','/common-ref/','-99',null,'N','app_12H10101_00008',null,null,'2020-04-10 14:45:54',null,'Y',null);
        go

        insert into pub_form_property(pk_form_property,areaid,classid,code,colnum,color,creationtime,creator,datatype,dataval,defaultvalue,defaultvar,define1,define2,define3,disabled,dr,editformula,hyperlinkflag,iscode,isdefined,ismultiselectedenabled,isnextrow,isrevise,istotal,itemtype,label,maxlength,metadataproperty,metaid,metapath,modifiedtime,modifier,position,proid,refcode,refname,relatemeta,required,resid,showformula,textrows,ts,validateformula,visible,width)
        values('0001ZZZZfb0835d66008','0001ZZZZ3c7de8f11ef5','5564cb66-4558-4907-b1a9-c8e1fe0b6171','transtypepk',null,'#111111',null,'~',204, '', null,null,null,null,null,'N',0,null,'N','N','N',null,'N','N','N','refer',null,20,'uap.BilltypeVO.billtypename','b0fa41cd-a649-4309-b685-d341a5d1b0ed','transtypepk',null,'~',28,'b62a636d-dba9-4b10-9970-9e774c94f630','uap/refer/riart/transtype/index','影响因素交 易类型',null,'N','app_12H10101_00009',null,null,'2020-04-10 14:45:54',null,'Y',null);
        go

        insert into pub_form_property(pk_form_property,areaid,classid,code,colnum,color,creationtime,creator,datatype,dataval,defaultvalue,defaultvar,define1,define2,define3,disabled,dr,editformula,hyperlinkflag,iscode,isdefined,ismultiselectedenabled,isnextrow,isrevise,istotal,itemtype,label,maxlength,metadataproperty,metaid,metapath,modifiedtime,modifier,position,proid,refcode,refname,relatemeta,required,resid,showformula,textrows,ts,validateformula,visible,width)
        values('0001ZZZZfb0835d66009','0001ZZZZ3c7de8f11ef5','5564cb66-4558-4907-b1a9-c8e1fe0b6171','modifier',null,'#111111',null,'~',204, '', null,null,null,null,null,'N',0,null,'N','N','N',null,'N','N','N','refer',null,20,'uap.user.user_name','f6f9a473-56c0-432f-8bc7-fbf8fde54fee','modifier',null,'~',15,'02c8084e-27f4-42af-80f4-fee915ccabe1','uap/refer/riart/userDefaultRefer/index','用户',null,'N','app_12H10101_00010',null,null,'2020-04-10 14:45:54',null,'Y',null);
        go

        insert into pub_form_property(pk_form_property,areaid,classid,code,colnum,color,creationtime,creator,datatype,dataval,defaultvalue,defaultvar,define1,define2,define3,disabled,dr,editformula,hyperlinkflag,iscode,isdefined,ismultiselectedenabled,isnextrow,isrevise,istotal,itemtype,label,maxlength,metadataproperty,metaid,metapath,modifiedtime,modifier,position,proid,refcode,refname,relatemeta,required,resid,showformula,textrows,ts,validateformula,visible,width)
        values('0001ZZZZfb0835d66010','0001ZZZZ3c7de8f11ef5','5564cb66-4558-4907-b1a9-c8e1fe0b6171','modifiedtime',null,'#111111',null,'~',34, null, null,null,null,null,null,'N',0,null,'N','N','N',null,'N','N','N','datetimepicker',null,19,NULL,'','modifiedtime',null,'~',16,'0cd30b4a-91ec-4094-97e7-de31f8bcf74b','/common-ref/','-99',null,'N','app_12H10101_00011',null,null,'2020-04-10 14:45:54',null,'Y',null);
        go

        insert into pub_form_property(pk_form_property,areaid,classid,code,colnum,color,creationtime,creator,datatype,dataval,defaultvalue,defaultvar,define1,define2,define3,disabled,dr,editformula,hyperlinkflag,iscode,isdefined,ismultiselectedenabled,isnextrow,isrevise,istotal,itemtype,label,maxlength,metadataproperty,metaid,metapath,modifiedtime,modifier,position,proid,refcode,refname,relatemeta,required,resid,showformula,textrows,ts,validateformula,visible,width)
        values('0001ZZZZfb0835d66012','0001ZZZZ3c7de8f11ef5','5564cb66-4558-4907-b1a9-c8e1fe0b6171','creator',null,'#111111',null,'~',204, '', null,null,null,null,null,'N',0,null,'N','N','N',null,'N','N','N','refer',null,20,'uap.user.user_name','f6f9a473-56c0-432f-8bc7-fbf8fde54fee','creator',null,'~',13,'763f0493-e802-4d22-8368-0a740a9b56b5','uap/refer/riart/userDefaultRefer/index','用户',null,'N','app_12H10101_00013',null,null,'2020-04-10 14:45:54',null,'Y',null);
        go

        insert into pub_form_property(pk_form_property,areaid,classid,code,colnum,color,creationtime,creator,datatype,dataval,defaultvalue,defaultvar,define1,define2,define3,disabled,dr,editformula,hyperlinkflag,iscode,isdefined,ismultiselectedenabled,isnextrow,isrevise,istotal,itemtype,label,maxlength,metadataproperty,metaid,metapath,modifiedtime,modifier,position,proid,refcode,refname,relatemeta,required,resid,showformula,textrows,ts,validateformula,visible,width)
        values('0001ZZZZfb0835d66013','0001ZZZZ3c7de8f11ef5','5564cb66-4558-4907-b1a9-c8e1fe0b6171','creationtime',null,'#111111',null,'~',34, null, null,null,null,null,null,'N',0,null,'N','N','N',null,'N','N','N','datetimepicker',null,19,NULL,'','creationtime',null,'~',14,'85733225-4141-4f45-b7c9-c7397e4af7ba','/common-ref/','-99',null,'N','app_12H10101_00014',null,null,'2020-04-10 14:45:54',null,'Y',null);
        go

        insert into pub_form_property(pk_form_property,areaid,classid,code,colnum,color,creationtime,creator,datatype,dataval,defaultvalue,defaultvar,define1,define2,define3,disabled,dr,editformula,hyperlinkflag,iscode,isdefined,ismultiselectedenabled,isnextrow,isrevise,istotal,itemtype,label,maxlength,metadataproperty,metaid,metapath,modifiedtime,modifier,position,proid,refcode,refname,relatemeta,required,resid,showformula,textrows,ts,validateformula,visible,width)
        values('0001ZZZZfb0835d66014','0001ZZZZ3c7de8f11ef5','5564cb66-4558-4907-b1a9-c8e1fe0b6171','billmaker',null,'#111111',null,'~',204, '', null,null,null,null,null,'N',0,null,'N','N','N',null,'N','N','N','refer',null,20,'uap.user.user_name','f6f9a473-56c0-432f-8bc7-fbf8fde54fee','billmaker',null,'~',21,'0a8a2f25-f104-491a-abde-ae45f7c330ec','uap/refer/riart/userDefaultRefer/index','用户',null,'N','app_12H10101_00015',null,null,'2020-04-10 14:45:54',null,'Y',null);
        go

        insert into pub_form_property(pk_form_property,areaid,classid,code,colnum,color,creationtime,creator,datatype,dataval,defaultvalue,defaultvar,define1,define2,define3,disabled,dr,editformula,hyperlinkflag,iscode,isdefined,ismultiselectedenabled,isnextrow,isrevise,istotal,itemtype,label,maxlength,metadataproperty,metaid,metapath,modifiedtime,modifier,position,proid,refcode,refname,relatemeta,required,resid,showformula,textrows,ts,validateformula,visible,width)
        values('0001ZZZZfb0835d66015','0001ZZZZ3c7de8f11ef5','5564cb66-4558-4907-b1a9-c8e1fe0b6171','maketime',null,'#111111',null,'~',34, null, null,null,null,null,null,'N',0,null,'N','N','N',null,'N','N','N','datetimepicker',null,19,NULL,'','maketime',null,'~',17,'d9a513fd-8849-478d-aced-036e2a5da22a','/common-ref/','-99',null,'Y','app_12H10101_00016',null,null,'2020-04-10 14:45:54',null,'Y',null);
        go

        insert into pub_form_property(pk_form_property,areaid,classid,code,colnum,color,creationtime,creator,datatype,dataval,defaultvalue,defaultvar,define1,define2,define3,disabled,dr,editformula,hyperlinkflag,iscode,isdefined,ismultiselectedenabled,isnextrow,isrevise,istotal,itemtype,label,maxlength,metadataproperty,metaid,metapath,modifiedtime,modifier,position,proid,refcode,refname,relatemeta,required,resid,showformula,textrows,ts,validateformula,visible,width)
        values('0001ZZZZfb0835d66016','0001ZZZZ3c7de8f11ef5','5564cb66-4558-4907-b1a9-c8e1fe0b6171','billno',null,'#111111',null,'~',1, null, null,null,null,null,null,'Y',0,null,'N','N','N',null,'N','N','N','input',null,50,NULL,'','billno',null,'~',19,'d032e6e8-f18a-4bae-8be6-86116bdd4235','/common-ref/','-99',null,'N','app_12H10101_00017',null,null,'2020-04-10 14:45:54',null,'Y',null);
        go

        insert into pub_form_property(pk_form_property,areaid,classid,code,colnum,color,creationtime,creator,datatype,dataval,defaultvalue,defaultvar,define1,define2,define3,disabled,dr,editformula,hyperlinkflag,iscode,isdefined,ismultiselectedenabled,isnextrow,isrevise,istotal,itemtype,label,maxlength,metadataproperty,metaid,metapath,modifiedtime,modifier,position,proid,refcode,refname,relatemeta,required,resid,showformula,textrows,ts,validateformula,visible,width)
        values('0001ZZZZfb0835d66018','0001ZZZZ3c7de8f11ef5','5564cb66-4558-4907-b1a9-c8e1fe0b6171','billtype',null,'#111111',null,'~',204, '', null,null,null,null,null,'N',0,null,'N','N','N',null,'N','N','N','refer',null,20,'uap.BilltypeVO.billtypename','b0fa41cd-a649-4309-b685-d341a5d1b0ed','billtype',null,'~',27,'a6efa6f6-c9b6-43b0-9125-8ee89c48068a','uap/refer/riart/billtype/index','影响因素单据类型',null,'N','app_12H10101_00019',null,null,'2020-04-10 14:45:54',null,'Y',null);
        go

        insert into pub_form_property(pk_form_property,areaid,classid,code,colnum,color,creationtime,creator,datatype,dataval,defaultvalue,defaultvar,define1,define2,define3,disabled,dr,editformula,hyperlinkflag,iscode,isdefined,ismultiselectedenabled,isnextrow,isrevise,istotal,itemtype,label,maxlength,metadataproperty,metaid,metapath,modifiedtime,modifier,position,proid,refcode,refname,relatemeta,required,resid,showformula,textrows,ts,validateformula,visible,width)
        values('0001ZZZZfb0835d66019','0001ZZZZ3c7de8f11ef5','5564cb66-4558-4907-b1a9-c8e1fe0b6171','name',null,'#111111',null,'~',1, null, null,null,null,null,null,'N',0,null,'N','N','N',null,'N','N','N','input',null,50,NULL,'','name',null,'~',3,'f40db05e-4504-4eaa-abb9-b38dbee77cae','/common-ref/','-99',null,'N','app_12H10101_00020',null,null,'2020-04-10 14:45:54',null,'Y',null);
        go

        insert into pub_form_property(pk_form_property,areaid,classid,code,colnum,color,creationtime,creator,datatype,dataval,defaultvalue,defaultvar,define1,define2,define3,disabled,dr,editformula,hyperlinkflag,iscode,isdefined,ismultiselectedenabled,isnextrow,isrevise,istotal,itemtype,label,maxlength,metadataproperty,metaid,metapath,modifiedtime,modifier,position,proid,refcode,refname,relatemeta,required,resid,showformula,textrows,ts,validateformula,visible,width)
        values('0001ZZZZfb0835d66020','0001ZZZZ3c7de8f11ef5','5564cb66-4558-4907-b1a9-c8e1fe0b6171','remark',null,'#111111',null,'~',1, null, null,null,null,null,null,'N',0,null,'N','N','N',null,'N','N','N','input',null,400,NULL,'','remark',null,'~',5,'55b3c7f3-905f-4aa9-b857-d7b1d548ec2d','/common-ref/','-99',null,'N','app_12H10101_00021',null,null,'2020-04-10 14:45:54',null,'Y',null);
        go

        insert into pub_form_property(pk_form_property,areaid,classid,code,colnum,color,creationtime,creator,datatype,dataval,defaultvalue,defaultvar,define1,define2,define3,disabled,dr,editformula,hyperlinkflag,iscode,isdefined,ismultiselectedenabled,isnextrow,isrevise,istotal,itemtype,label,maxlength,metadataproperty,metaid,metapath,modifiedtime,modifier,position,proid,refcode,refname,relatemeta,required,resid,showformula,textrows,ts,validateformula,visible,width)
        values('0001ZZZZfb0835d66025','0001ZZZZ3c7de8f11ef5','5564cb66-4558-4907-b1a9-c8e1fe0b6171','lastmaketime',null,'#111111',null,'~',34, null, null,null,null,null,null,'N',0,null,'N','N','N',null,'N','N','N','datetimepicker',null,19,NULL,'','lastmaketime',null,'~',18,'4a960d9a-fb36-4876-a66c-9648ba959700','/common-ref/','-99',null,'N','app_12H10101_00026',null,null,'2020-04-10 14:45:54',null,'Y',null);
        go

        insert into pub_form_property(pk_form_property,areaid,classid,code,colnum,color,creationtime,creator,datatype,dataval,defaultvalue,defaultvar,define1,define2,define3,disabled,dr,editformula,hyperlinkflag,iscode,isdefined,ismultiselectedenabled,isnextrow,isrevise,istotal,itemtype,label,maxlength,metadataproperty,metaid,metapath,modifiedtime,modifier,position,proid,refcode,refname,relatemeta,required,resid,showformula,textrows,ts,validateformula,visible,width)
        values('0001ZZZZfb0835d66028','0001ZZZZ3c7de8f11ef5','5564cb66-4558-4907-b1a9-c8e1fe0b6171','pk_org',null,'#111111',null,'~',204, '', null,null,null,null,null,'N',0,null,'N','N','N',null,'N','N','N','refer',null,20,'uap.org.name','985be8a4-3a36-4778-8afe-2d8ed3902659','pk_org',null,'~',11,'f16c822b-ab05-417c-bb28-32c15353500c','uapbd/refer/org/BusinessUnitAllTreeRef/index','业务单元(所有)',null,'N','app_12H10101_00029',null,null,'2020-04-10 14:45:54',null,'Y',null);
        go

        insert into pub_form_property(pk_form_property,areaid,classid,code,colnum,color,creationtime,creator,datatype,dataval,defaultvalue,defaultvar,define1,define2,define3,disabled,dr,editformula,hyperlinkflag,iscode,isdefined,ismultiselectedenabled,isnextrow,isrevise,istotal,itemtype,label,maxlength,metadataproperty,metaid,metapath,modifiedtime,modifier,position,proid,refcode,refname,relatemeta,required,resid,showformula,textrows,ts,validateformula,visible,width)
        values('0001ZZZZfb0835d66029','0001ZZZZ3c7de8f11ef5','5564cb66-4558-4907-b1a9-c8e1fe0b6171','pk_org_v',null,'#111111',null,'~',204, '', null,null,null,null,null,'N',0,null,'N','N','N',null,'N','N','N','refer',null,20,'uap.org_v.name','da7bba89-9a59-42d6-a262-c13ef459dbd9','pk_org_v',null,'~',12,'b68553f0-7686-4be1-b9a8-f68455b2edba','uapbd/refer/orgv/BusinessUnitVersionDefaultAllTreeRef/index','业务单元版本(所有)',null,'N','app_12H10101_00030',null,null,'2020-04-10 14:45:54',null,'N',null);
        go

        insert into pub_form_property(pk_form_property,areaid,classid,code,colnum,color,creationtime,creator,datatype,dataval,defaultvalue,defaultvar,define1,define2,define3,disabled,dr,editformula,hyperlinkflag,iscode,isdefined,ismultiselectedenabled,isnextrow,isrevise,istotal,itemtype,label,maxlength,metadataproperty,metaid,metapath,modifiedtime,modifier,position,proid,refcode,refname,relatemeta,required,resid,showformula,textrows,ts,validateformula,visible,width)
        values('0001ZZZZfb0835d66030','0001ZZZZ3c7de8f11ef5','5564cb66-4558-4907-b1a9-c8e1fe0b6171','code',null,'#111111',null,'~',1, null, null,null,null,null,null,'N',0,null,'N','N','N',null,'N','N','N','input',null,50,NULL,'','code',null,'~',2,'ffe026d9-35a8-4aa7-97d1-c53ae3361120','/common-ref/','-99',null,'N','app_12H10101_00031',null,null,'2020-04-10 14:45:54',null,'Y',null);
        go

        insert into pub_form_property(pk_form_property,areaid,classid,code,colnum,color,creationtime,creator,datatype,dataval,defaultvalue,defaultvar,define1,define2,define3,disabled,dr,editformula,hyperlinkflag,iscode,isdefined,ismultiselectedenabled,isnextrow,isrevise,istotal,itemtype,label,maxlength,metadataproperty,metaid,metapath,modifiedtime,modifier,position,proid,refcode,refname,relatemeta,required,resid,showformula,textrows,ts,validateformula,visible,width)
        values('0001ZZZZfb0835d66052','0001ZZZZ3c7de8f11ef5','5564cb66-4558-4907-b1a9-c8e1fe0b6171','pk_group',null,'#111111',null,'~',204, '', null,null,null,null,null,'N',0,null,'N','N','N',null,'N','N','N','refer',null,20,'uap.group.name','3b6dd171-2900-47f3-bfbe-41e4483a2a65','pk_group',null,'~',10,'31828cba-3dbb-4153-8ccf-678bc9000941','uap/refer/riart/groupTreeRef/index','集团',null,'Y','app_12H10101_00053',null,null,'2020-04-10 14:45:54',null,'Y',null);
        go
            insert into pub_form_property(pk_form_property,areaid,classid,code,colnum,color,creationtime,creator,datatype,dataval,defaultvalue,defaultvar,define1,define2,define3,disabled,dr,editformula,hyperlinkflag,iscode,isdefined,ismultiselectedenabled,isnextrow,isrevise,istotal,itemtype,label,maxlength,metadataproperty,metaid,metapath,modifiedtime,modifier,position,proid,refcode,refname,relatemeta,required,resid,showformula,textrows,ts,validateformula,visible,width)
            values('0001ZZZZ1ccfc2fe5001','0001ZZZZ63df68c03abd','5564cb66-4558-4907-b1a9-c8e1fe0b6171','nccbilltype','1','#111111',null,'~',204,'', null,null,null,null,null,'N',0,null,'N','N','N',null,'N','N','N','refer',null,20,'uap.BilltypeVO.billtypename','','nccbilltype',null,'~',8,'9445f12f-f62d-46e5-83c2-315206b668d7','uap/refer/riart/billtype/index','影响因素单据类型',null,'N','app_12H10101_00002',null,null,'2020-04-10 14:45:54',null,'Y',null);
            go
            insert into pub_form_property(pk_form_property,areaid,classid,code,colnum,color,creationtime,creator,datatype,dataval,defaultvalue,defaultvar,define1,define2,define3,disabled,dr,editformula,hyperlinkflag,iscode,isdefined,ismultiselectedenabled,isnextrow,isrevise,istotal,itemtype,label,maxlength,metadataproperty,metaid,metapath,modifiedtime,modifier,position,proid,refcode,refname,relatemeta,required,resid,showformula,textrows,ts,validateformula,visible,width)
            values('0001ZZZZ1ccfc2fe5002','0001ZZZZ63df68c03abd','5564cb66-4558-4907-b1a9-c8e1fe0b6171','nccbilltypecode','1','#111111',null,'~',1,null, null,null,null,null,null,'N',0,null,'N','N','N',null,'N','N','N','input',null,50,NULL,'','nccbilltypecode',null,'~',9,'6e1306de-80bb-4963-ae6a-cb6373d8da74','/common-ref/','-99',null,'N','app_12H10101_00003',null,null,'2020-04-10 14:45:54',null,'Y',null);
            go
            insert into pub_form_property(pk_form_property,areaid,classid,code,colnum,color,creationtime,creator,datatype,dataval,defaultvalue,defaultvar,define1,define2,define3,disabled,dr,editformula,hyperlinkflag,iscode,isdefined,ismultiselectedenabled,isnextrow,isrevise,istotal,itemtype,label,maxlength,metadataproperty,metaid,metapath,modifiedtime,modifier,position,proid,refcode,refname,relatemeta,required,resid,showformula,textrows,ts,validateformula,visible,width)
            values('0001ZZZZ1ccfc2fe5006','0001ZZZZ63df68c03abd','5564cb66-4558-4907-b1a9-c8e1fe0b6171','busitype','1','#111111',null,'~',1,null, null,null,null,null,null,'N',0,null,'N','N','N',null,'N','N','N','input',null,50,NULL,'','busitype',null,'~',20,'6c34dcbd-80b6-44cc-8b7d-bf832c391609','/common-ref/','-99',null,'N','app_12H10101_00007',null,null,'2020-04-10 14:45:54',null,'Y',null);
            go
            insert into pub_form_property(pk_form_property,areaid,classid,code,colnum,color,creationtime,creator,datatype,dataval,defaultvalue,defaultvar,define1,define2,define3,disabled,dr,editformula,hyperlinkflag,iscode,isdefined,ismultiselectedenabled,isnextrow,isrevise,istotal,itemtype,label,maxlength,metadataproperty,metaid,metapath,modifiedtime,modifier,position,proid,refcode,refname,relatemeta,required,resid,showformula,textrows,ts,validateformula,visible,width)
            values('0001ZZZZ1ccfc2fe5007','0001ZZZZ63df68c03abd','5564cb66-4558-4907-b1a9-c8e1fe0b6171','transtype','1','#111111',null,'~',1,null, null,null,null,null,null,'N',0,null,'N','N','N',null,'N','N','N','input',null,50,NULL,'','transtype',null,'~',26,'4e9e4a78-ed35-4192-a030-07830e4daa22','/common-ref/','-99',null,'N','app_12H10101_00008',null,null,'2020-04-10 14:45:54',null,'Y',null);
            go
            insert into pub_form_property(pk_form_property,areaid,classid,code,colnum,color,creationtime,creator,datatype,dataval,defaultvalue,defaultvar,define1,define2,define3,disabled,dr,editformula,hyperlinkflag,iscode,isdefined,ismultiselectedenabled,isnextrow,isrevise,istotal,itemtype,label,maxlength,metadataproperty,metaid,metapath,modifiedtime,modifier,position,proid,refcode,refname,relatemeta,required,resid,showformula,textrows,ts,validateformula,visible,width)
            values('0001ZZZZ1ccfc2fe5008','0001ZZZZ63df68c03abd','5564cb66-4558-4907-b1a9-c8e1fe0b6171','transtypepk','1','#111111',null,'~',204,'', null,null,null,null,null,'N',0,null,'N','N','N',null,'N','N','N','refer',null,20,'uap.BilltypeVO.billtypename','','transtypepk',null,'~',28,'1cef569a-bd72-405d-9f92-6cc72ea33896','uap/refer/riart/transtype/index','影响因素交 易类型',null,'N','app_12H10101_00009',null,null,'2020-04-10 14:45:54',null,'Y',null);
            go
            insert into pub_form_property(pk_form_property,areaid,classid,code,colnum,color,creationtime,creator,datatype,dataval,defaultvalue,defaultvar,define1,define2,define3,disabled,dr,editformula,hyperlinkflag,iscode,isdefined,ismultiselectedenabled,isnextrow,isrevise,istotal,itemtype,label,maxlength,metadataproperty,metaid,metapath,modifiedtime,modifier,position,proid,refcode,refname,relatemeta,required,resid,showformula,textrows,ts,validateformula,visible,width)
            values('0001ZZZZ32ada64ae458','0001ZZZZ3ec8b3b722d2','5564cb66-4558-4907-b1a9-c8e1fe0b6171','modifier','1','#111111',null,'~',204,'', null,null,null,null,null,'N',0,null,'N','N','N',null,'N','N','N','refer',null,20,'uap.user.user_name','','modifier',null,'~',15,'e84855eb-bc73-4b1c-8cc6-f08ca196eff0','uap/refer/riart/userDefaultRefer/index','用户',null,'N','app_12H10101_00010',null,null,'2020-04-10 14:45:54',null,'Y',null);
            go
            insert into pub_form_property(pk_form_property,areaid,classid,code,colnum,color,creationtime,creator,datatype,dataval,defaultvalue,defaultvar,define1,define2,define3,disabled,dr,editformula,hyperlinkflag,iscode,isdefined,ismultiselectedenabled,isnextrow,isrevise,istotal,itemtype,label,maxlength,metadataproperty,metaid,metapath,modifiedtime,modifier,position,proid,refcode,refname,relatemeta,required,resid,showformula,textrows,ts,validateformula,visible,width)
            values('0001ZZZZb3b3649870da','0001ZZZZ3ec8b3b722d2','5564cb66-4558-4907-b1a9-c8e1fe0b6171','modifiedtime','1','#111111',null,'~',34,null, null,null,null,null,null,'N',0,null,'N','N','N',null,'N','N','N','datetimepicker',null,19,NULL,'','modifiedtime',null,'~',16,'0c611efd-72d5-49d0-af96-4cb726296695','/common-ref/','-99',null,'N','app_12H10101_00011',null,null,'2020-04-10 14:45:54',null,'Y',null);
            go
            insert into pub_form_property(pk_form_property,areaid,classid,code,colnum,color,creationtime,creator,datatype,dataval,defaultvalue,defaultvar,define1,define2,define3,disabled,dr,editformula,hyperlinkflag,iscode,isdefined,ismultiselectedenabled,isnextrow,isrevise,istotal,itemtype,label,maxlength,metadataproperty,metaid,metapath,modifiedtime,modifier,position,proid,refcode,refname,relatemeta,required,resid,showformula,textrows,ts,validateformula,visible,width)
            values('0001ZZZZ5a22e6c710f3','0001ZZZZ3ec8b3b722d2','5564cb66-4558-4907-b1a9-c8e1fe0b6171','creator','1','#111111',null,'~',204,'', null,null,null,null,null,'N',0,null,'N','N','N',null,'N','N','N','refer',null,20,'uap.user.user_name','','creator',null,'~',13,'35557d54-3f6f-4f59-bab5-b9850f32b2fd','uap/refer/riart/userDefaultRefer/index','用户',null,'N','app_12H10101_00013',null,null,'2020-04-10 14:45:54',null,'Y',null);
            go
            insert into pub_form_property(pk_form_property,areaid,classid,code,colnum,color,creationtime,creator,datatype,dataval,defaultvalue,defaultvar,define1,define2,define3,disabled,dr,editformula,hyperlinkflag,iscode,isdefined,ismultiselectedenabled,isnextrow,isrevise,istotal,itemtype,label,maxlength,metadataproperty,metaid,metapath,modifiedtime,modifier,position,proid,refcode,refname,relatemeta,required,resid,showformula,textrows,ts,validateformula,visible,width)
            values('0001ZZZZ938270982134','0001ZZZZ3ec8b3b722d2','5564cb66-4558-4907-b1a9-c8e1fe0b6171','creationtime','1','#111111',null,'~',34,null, null,null,null,null,null,'N',0,null,'N','N','N',null,'N','N','N','datetimepicker',null,19,NULL,'','creationtime',null,'~',14,'cc5cf4cc-0507-4a30-a54f-2f4173f528c3','/common-ref/','-99',null,'N','app_12H10101_00014',null,null,'2020-04-10 14:45:54',null,'Y',null);
            go
            insert into pub_form_property(pk_form_property,areaid,classid,code,colnum,color,creationtime,creator,datatype,dataval,defaultvalue,defaultvar,define1,define2,define3,disabled,dr,editformula,hyperlinkflag,iscode,isdefined,ismultiselectedenabled,isnextrow,isrevise,istotal,itemtype,label,maxlength,metadataproperty,metaid,metapath,modifiedtime,modifier,position,proid,refcode,refname,relatemeta,required,resid,showformula,textrows,ts,validateformula,visible,width)
            values('0001ZZZZ1ccfc2fe5014','0001ZZZZ63df68c03abd','5564cb66-4558-4907-b1a9-c8e1fe0b6171','billmaker','1','#111111',null,'~',204,'', null,null,null,null,null,'N',0,null,'N','N','N',null,'N','N','N','refer',null,20,'uap.user.user_name','','billmaker',null,'~',21,'287312f2-c283-4274-87bf-81adcd1c26e4','uap/refer/riart/userDefaultRefer/index','用户',null,'N','app_12H10101_00015',null,null,'2020-04-10 14:45:54',null,'Y',null);
            go
            insert into pub_form_property(pk_form_property,areaid,classid,code,colnum,color,creationtime,creator,datatype,dataval,defaultvalue,defaultvar,define1,define2,define3,disabled,dr,editformula,hyperlinkflag,iscode,isdefined,ismultiselectedenabled,isnextrow,isrevise,istotal,itemtype,label,maxlength,metadataproperty,metaid,metapath,modifiedtime,modifier,position,proid,refcode,refname,relatemeta,required,resid,showformula,textrows,ts,validateformula,visible,width)
            values('0001ZZZZ1ccfc2fe5015','0001ZZZZ63df68c03abd','5564cb66-4558-4907-b1a9-c8e1fe0b6171','maketime','1','#111111',null,'~',34,null, null,null,null,null,null,'N',0,null,'N','N','N',null,'N','N','N','datetimepicker',null,19,NULL,'','maketime',null,'~',17,'109ad9eb-ce98-4fa1-af6e-3c78152a81e7','/common-ref/','-99',null,'Y','app_12H10101_00016',null,null,'2020-04-10 14:45:54',null,'Y',null);
            go
            insert into pub_form_property(pk_form_property,areaid,classid,code,colnum,color,creationtime,creator,datatype,dataval,defaultvalue,defaultvar,define1,define2,define3,disabled,dr,editformula,hyperlinkflag,iscode,isdefined,ismultiselectedenabled,isnextrow,isrevise,istotal,itemtype,label,maxlength,metadataproperty,metaid,metapath,modifiedtime,modifier,position,proid,refcode,refname,relatemeta,required,resid,showformula,textrows,ts,validateformula,visible,width)
            values('0001ZZZZ1ccfc2fe5016','0001ZZZZ63df68c03abd','5564cb66-4558-4907-b1a9-c8e1fe0b6171','billno','1','#111111',null,'~',1,null, null,null,null,null,null,'Y',0,null,'N','N','N',null,'N','N','N','input',null,50,NULL,'','billno',null,'~',19,'7d72e43c-25a2-4d2f-99ab-5f6aea4dc823','/common-ref/','-99',null,'N','app_12H10101_00017',null,null,'2020-04-10 14:45:54',null,'Y',null);
            go
            insert into pub_form_property(pk_form_property,areaid,classid,code,colnum,color,creationtime,creator,datatype,dataval,defaultvalue,defaultvar,define1,define2,define3,disabled,dr,editformula,hyperlinkflag,iscode,isdefined,ismultiselectedenabled,isnextrow,isrevise,istotal,itemtype,label,maxlength,metadataproperty,metaid,metapath,modifiedtime,modifier,position,proid,refcode,refname,relatemeta,required,resid,showformula,textrows,ts,validateformula,visible,width)
            values('0001ZZZZ1ccfc2fe5018','0001ZZZZ63df68c03abd','5564cb66-4558-4907-b1a9-c8e1fe0b6171','billtype','1','#111111',null,'~',204,'', null,null,null,null,null,'N',0,null,'N','N','N',null,'N','N','N','refer',null,20,'uap.BilltypeVO.billtypename','','billtype',null,'~',27,'f80c2e06-fb9d-4fc0-9e3b-6b6350652648','uap/refer/riart/billtype/index','影响因素单据类型',null,'N','app_12H10101_00019',null,null,'2020-04-10 14:45:54',null,'Y',null);
            go
            insert into pub_form_property(pk_form_property,areaid,classid,code,colnum,color,creationtime,creator,datatype,dataval,defaultvalue,defaultvar,define1,define2,define3,disabled,dr,editformula,hyperlinkflag,iscode,isdefined,ismultiselectedenabled,isnextrow,isrevise,istotal,itemtype,label,maxlength,metadataproperty,metaid,metapath,modifiedtime,modifier,position,proid,refcode,refname,relatemeta,required,resid,showformula,textrows,ts,validateformula,visible,width)
            values('0001ZZZZ1ccfc2fe5019','0001ZZZZ63df68c03abd','5564cb66-4558-4907-b1a9-c8e1fe0b6171','name','1','#111111',null,'~',1,null, null,null,null,null,null,'N',0,null,'N','N','N',null,'N','N','N','input',null,50,NULL,'','name',null,'~',3,'97d37e4e-d3fc-40d0-baa4-32a4a2651837','/common-ref/','-99',null,'N','app_12H10101_00020',null,null,'2020-04-10 14:45:54',null,'Y',null);
            go
            insert into pub_form_property(pk_form_property,areaid,classid,code,colnum,color,creationtime,creator,datatype,dataval,defaultvalue,defaultvar,define1,define2,define3,disabled,dr,editformula,hyperlinkflag,iscode,isdefined,ismultiselectedenabled,isnextrow,isrevise,istotal,itemtype,label,maxlength,metadataproperty,metaid,metapath,modifiedtime,modifier,position,proid,refcode,refname,relatemeta,required,resid,showformula,textrows,ts,validateformula,visible,width)
            values('0001ZZZZ1ccfc2fe5020','0001ZZZZ63df68c03abd','5564cb66-4558-4907-b1a9-c8e1fe0b6171','remark','1','#111111',null,'~',1,null, null,null,null,null,null,'N',0,null,'N','N','N',null,'N','N','N','input',null,400,NULL,'','remark',null,'~',5,'4de5eb61-7b20-48a9-855e-653f2981d2c4','/common-ref/','-99',null,'N','app_12H10101_00021',null,null,'2020-04-10 14:45:54',null,'Y',null);
            go
            insert into pub_form_property(pk_form_property,areaid,classid,code,colnum,color,creationtime,creator,datatype,dataval,defaultvalue,defaultvar,define1,define2,define3,disabled,dr,editformula,hyperlinkflag,iscode,isdefined,ismultiselectedenabled,isnextrow,isrevise,istotal,itemtype,label,maxlength,metadataproperty,metaid,metapath,modifiedtime,modifier,position,proid,refcode,refname,relatemeta,required,resid,showformula,textrows,ts,validateformula,visible,width)
            values('0001ZZZZ1ccfc2fe5025','0001ZZZZ63df68c03abd','5564cb66-4558-4907-b1a9-c8e1fe0b6171','lastmaketime','1','#111111',null,'~',34,null, null,null,null,null,null,'N',0,null,'N','N','N',null,'N','N','N','datetimepicker',null,19,NULL,'','lastmaketime',null,'~',18,'cea410a2-7405-4048-b39b-fac354f57b34','/common-ref/','-99',null,'N','app_12H10101_00026',null,null,'2020-04-10 14:45:54',null,'Y',null);
            go
            insert into pub_form_property(pk_form_property,areaid,classid,code,colnum,color,creationtime,creator,datatype,dataval,defaultvalue,defaultvar,define1,define2,define3,disabled,dr,editformula,hyperlinkflag,iscode,isdefined,ismultiselectedenabled,isnextrow,isrevise,istotal,itemtype,label,maxlength,metadataproperty,metaid,metapath,modifiedtime,modifier,position,proid,refcode,refname,relatemeta,required,resid,showformula,textrows,ts,validateformula,visible,width)
            values('0001ZZZZ1ccfc2fe5028','0001ZZZZ63df68c03abd','5564cb66-4558-4907-b1a9-c8e1fe0b6171','pk_org','1','#111111',null,'~',204,'', null,null,null,null,null,'N',0,null,'N','N','N',null,'N','N','N','refer',null,20,'uap.org.name','','pk_org',null,'~',11,'11836538-60d0-418b-982d-7ba307289127','uapbd/refer/org/BusinessUnitAllTreeRef/index','业务单元(所有)',null,'N','app_12H10101_00029',null,null,'2020-04-10 14:45:54',null,'Y',null);
            go
            insert into pub_form_property(pk_form_property,areaid,classid,code,colnum,color,creationtime,creator,datatype,dataval,defaultvalue,defaultvar,define1,define2,define3,disabled,dr,editformula,hyperlinkflag,iscode,isdefined,ismultiselectedenabled,isnextrow,isrevise,istotal,itemtype,label,maxlength,metadataproperty,metaid,metapath,modifiedtime,modifier,position,proid,refcode,refname,relatemeta,required,resid,showformula,textrows,ts,validateformula,visible,width)
            values('0001ZZZZ1ccfc2fe5029','0001ZZZZ63df68c03abd','5564cb66-4558-4907-b1a9-c8e1fe0b6171','pk_org_v','1','#111111',null,'~',204,'', null,null,null,null,null,'N',0,null,'N','N','N',null,'N','N','N','refer',null,20,'uap.org_v.name','','pk_org_v',null,'~',12,'033fbf73-e931-4857-81f8-dcdffbb048bb','uapbd/refer/orgv/BusinessUnitVersionDefaultAllTreeRef/index','业务单元版本(所有)',null,'N','app_12H10101_00030',null,null,'2020-04-10 14:45:54',null,'N',null);
            go
            insert into pub_form_property(pk_form_property,areaid,classid,code,colnum,color,creationtime,creator,datatype,dataval,defaultvalue,defaultvar,define1,define2,define3,disabled,dr,editformula,hyperlinkflag,iscode,isdefined,ismultiselectedenabled,isnextrow,isrevise,istotal,itemtype,label,maxlength,metadataproperty,metaid,metapath,modifiedtime,modifier,position,proid,refcode,refname,relatemeta,required,resid,showformula,textrows,ts,validateformula,visible,width)
            values('0001ZZZZ1ccfc2fe5030','0001ZZZZ63df68c03abd','5564cb66-4558-4907-b1a9-c8e1fe0b6171','code','1','#111111',null,'~',1,null, null,null,null,null,null,'N',0,null,'N','N','N',null,'N','N','N','input',null,50,NULL,'','code',null,'~',2,'ae787ed0-6088-403b-a891-dba9cc0bc4b2','/common-ref/','-99',null,'N','app_12H10101_00031',null,null,'2020-04-10 14:45:54',null,'Y',null);
            go
            insert into pub_form_property(pk_form_property,areaid,classid,code,colnum,color,creationtime,creator,datatype,dataval,defaultvalue,defaultvar,define1,define2,define3,disabled,dr,editformula,hyperlinkflag,iscode,isdefined,ismultiselectedenabled,isnextrow,isrevise,istotal,itemtype,label,maxlength,metadataproperty,metaid,metapath,modifiedtime,modifier,position,proid,refcode,refname,relatemeta,required,resid,showformula,textrows,ts,validateformula,visible,width)
            values('0001ZZZZ1ccfc2fe5052','0001ZZZZ63df68c03abd','5564cb66-4558-4907-b1a9-c8e1fe0b6171','pk_group','1','#111111',null,'~',204,'', null,null,null,null,null,'N',0,null,'N','N','N',null,'N','N','N','refer',null,20,'uap.group.name','','pk_group',null,'~',10,'27219c04-3ee5-4064-867e-34e416db7698','uap/refer/riart/groupTreeRef/index','集团',null,'Y','app_12H10101_00053',null,null,'2020-04-10 14:45:54',null,'Y',null);
            go

    insert into pub_area(pk_area,areadesc,areastatus,areatype,clazz,code,creationtime,creator,dr,isunfold,metaid,metaname,metaspace,modifiedtime,modifier,name,pagination,position,relationcode,resid,templetid,ts)
    values('0001ZZZZe262945f9ab9','子表表体浏览区-字段对照','browse',2,'nc.vo.uapbd.itfconfig.ItfConfigItemVO','card_body',null,'~',0,NULL,'5564cb66-4558-4907-b1a9-c8e1fe0b6171','单据对照','uapbd.itfconfig',null,'~','字段对照表体','',3,null,'','0001ZZZZd8e810f50128','2020-04-10 14:45:54');
    go
    insert into pub_area(pk_area,areadesc,areastatus,areatype,clazz,code,creationtime,creator,dr,isunfold,metaid,metaname,metaspace,modifiedtime,modifier,name,pagination,position,relationcode,resid,templetid,ts)
    values('0001ZZZZc0d39a4f1f9d','子表表体编辑区-字段对照','edit',1,'nc.vo.uapbd.itfconfig.ItfConfigItemVO','card_body_edit',null,'~',0,NULL,'5564cb66-4558-4907-b1a9-c8e1fe0b6171','单据对照','uapbd.itfconfig',null,'~','字段对照','',4,'card_body','','0001ZZZZd8e810f50128','2020-04-10 14:45:54');
    go
    insert into pub_area(pk_area,areadesc,areastatus,areatype,clazz,code,creationtime,creator,dr,isunfold,metaid,metaname,metaspace,modifiedtime,modifier,name,pagination,position,relationcode,resid,templetid,ts)
    values('0001ZZZZ3e81478eb5a7','子表表体编辑浏览区-字段对照','browse',1,'nc.vo.uapbd.itfconfig.ItfConfigItemVO','card_body_browse',null,'~',0,NULL,'5564cb66-4558-4907-b1a9-c8e1fe0b6171','单据对照','uapbd.itfconfig',null,'~','字段对照','',5,'card_body','','0001ZZZZd8e810f50128','2020-04-10 14:45:54');
    go
            insert into pub_form_property(pk_form_property,areaid,classid,code,colnum,color,creationtime,creator,datatype,dataval,defaultvalue,defaultvar,define1,define2,define3,disabled,dr,editformula,hyperlinkflag,iscode,isdefined,ismultiselectedenabled,isnextrow,isrevise,istotal,itemtype,label,maxlength,metadataproperty,metaid,metapath,modifiedtime,modifier,position,proid,refcode,refname,relatemeta,required,resid,showformula,textrows,ts,validateformula,visible,width)
            values('0001ZZZZ40ba41ae3001','0001ZZZZe262945f9ab9','5564cb66-4558-4907-b1a9-c8e1fe0b6171','nccfieldname','1','#111111',null,'~',1,null, null,null,null,null,null,'N',0,null,'N','N','N',null,'N','N','N','input','NCC字段名称',50,NULL,'','itfconfigitemvo.nccfieldname',null,'~',10,'cb7223f8-3dd2-4827-aa08-e859a6c765a0',null,null,null,'N','app_12H10101_00001',null,null,'2020-04-10 14:45:54',null,'Y',null);
            go
            insert into pub_form_property(pk_form_property,areaid,classid,code,colnum,color,creationtime,creator,datatype,dataval,defaultvalue,defaultvar,define1,define2,define3,disabled,dr,editformula,hyperlinkflag,iscode,isdefined,ismultiselectedenabled,isnextrow,isrevise,istotal,itemtype,label,maxlength,metadataproperty,metaid,metapath,modifiedtime,modifier,position,proid,refcode,refname,relatemeta,required,resid,showformula,textrows,ts,validateformula,visible,width)
            values('0001ZZZZ40ba41ae3002','0001ZZZZc0d39a4f1f9d','5564cb66-4558-4907-b1a9-c8e1fe0b6171','nccfieldname','1','#111111',null,'~',1,null, null,null,null,null,null,'N',0,null,'N','N','N',null,'N','N','N','input','NCC字段名称',50,NULL,'','itfconfigitemvo.nccfieldname',null,'~',10,'f5abe2db-f8ec-4035-b1d0-25a615c9fc8c',null,null,null,'N','app_12H10101_00001',null,null,'2020-04-10 14:45:54',null,'Y',null);
            go
            insert into pub_form_property(pk_form_property,areaid,classid,code,colnum,color,creationtime,creator,datatype,dataval,defaultvalue,defaultvar,define1,define2,define3,disabled,dr,editformula,hyperlinkflag,iscode,isdefined,ismultiselectedenabled,isnextrow,isrevise,istotal,itemtype,label,maxlength,metadataproperty,metaid,metapath,modifiedtime,modifier,position,proid,refcode,refname,relatemeta,required,resid,showformula,textrows,ts,validateformula,visible,width)
            values('0001ZZZZ40ba41ae3003','0001ZZZZ3e81478eb5a7','5564cb66-4558-4907-b1a9-c8e1fe0b6171','nccfieldname','1','#111111',null,'~',1,null, null,null,null,null,null,'N',0,null,'N','N','N',null,'N','N','N','input','NCC字段名称',50,NULL,'','itfconfigitemvo.nccfieldname',null,'~',10,'cba70599-736b-4474-98a1-ef2e9ad40e7a',null,null,null,'N','app_12H10101_00001',null,null,'2020-04-10 14:45:54',null,'Y',null);
            go
            insert into pub_form_property(pk_form_property,areaid,classid,code,colnum,color,creationtime,creator,datatype,dataval,defaultvalue,defaultvar,define1,define2,define3,disabled,dr,editformula,hyperlinkflag,iscode,isdefined,ismultiselectedenabled,isnextrow,isrevise,istotal,itemtype,label,maxlength,metadataproperty,metaid,metapath,modifiedtime,modifier,position,proid,refcode,refname,relatemeta,required,resid,showformula,textrows,ts,validateformula,visible,width)
            values('0001ZZZZ40ba41ae3004','0001ZZZZe262945f9ab9','5564cb66-4558-4907-b1a9-c8e1fe0b6171','nccfieldcode','1','#111111',null,'~',1,null, null,null,null,null,null,'N',0,null,'N','N','N',null,'N','N','N','input','NCC字段编码',50,NULL,'','itfconfigitemvo.nccfieldcode',null,'~',9,'ccd518e5-0b6b-42cc-afde-4527b9659d17',null,null,null,'N','app_12H10101_00002',null,null,'2020-04-10 14:45:54',null,'Y',null);
            go
            insert into pub_form_property(pk_form_property,areaid,classid,code,colnum,color,creationtime,creator,datatype,dataval,defaultvalue,defaultvar,define1,define2,define3,disabled,dr,editformula,hyperlinkflag,iscode,isdefined,ismultiselectedenabled,isnextrow,isrevise,istotal,itemtype,label,maxlength,metadataproperty,metaid,metapath,modifiedtime,modifier,position,proid,refcode,refname,relatemeta,required,resid,showformula,textrows,ts,validateformula,visible,width)
            values('0001ZZZZ40ba41ae3005','0001ZZZZc0d39a4f1f9d','5564cb66-4558-4907-b1a9-c8e1fe0b6171','nccfieldcode','1','#111111',null,'~',1,null, null,null,null,null,null,'N',0,null,'N','N','N',null,'N','N','N','input','NCC字段编码',50,NULL,'','itfconfigitemvo.nccfieldcode',null,'~',9,'a0f60360-3d8e-48a2-ba5c-e3515f1ee362',null,null,null,'N','app_12H10101_00002',null,null,'2020-04-10 14:45:54',null,'Y',null);
            go
            insert into pub_form_property(pk_form_property,areaid,classid,code,colnum,color,creationtime,creator,datatype,dataval,defaultvalue,defaultvar,define1,define2,define3,disabled,dr,editformula,hyperlinkflag,iscode,isdefined,ismultiselectedenabled,isnextrow,isrevise,istotal,itemtype,label,maxlength,metadataproperty,metaid,metapath,modifiedtime,modifier,position,proid,refcode,refname,relatemeta,required,resid,showformula,textrows,ts,validateformula,visible,width)
            values('0001ZZZZ40ba41ae3006','0001ZZZZ3e81478eb5a7','5564cb66-4558-4907-b1a9-c8e1fe0b6171','nccfieldcode','1','#111111',null,'~',1,null, null,null,null,null,null,'N',0,null,'N','N','N',null,'N','N','N','input','NCC字段编码',50,NULL,'','itfconfigitemvo.nccfieldcode',null,'~',9,'76d68c13-ff11-4d3c-a34d-17c050d0961c',null,null,null,'N','app_12H10101_00002',null,null,'2020-04-10 14:45:54',null,'Y',null);
            go
            insert into pub_form_property(pk_form_property,areaid,classid,code,colnum,color,creationtime,creator,datatype,dataval,defaultvalue,defaultvar,define1,define2,define3,disabled,dr,editformula,hyperlinkflag,iscode,isdefined,ismultiselectedenabled,isnextrow,isrevise,istotal,itemtype,label,maxlength,metadataproperty,metaid,metapath,modifiedtime,modifier,position,proid,refcode,refname,relatemeta,required,resid,showformula,textrows,ts,validateformula,visible,width)
            values('0001ZZZZ40ba41ae3007','0001ZZZZe262945f9ab9','5564cb66-4558-4907-b1a9-c8e1fe0b6171','busifieldname','1','#111111',null,'~',1,null, null,null,null,null,null,'N',0,null,'N','N','N',null,'N','N','N','input','业务字段名称',50,NULL,'','itfconfigitemvo.busifieldname',null,'~',7,'294695a6-be48-46ce-bed6-2e157d9417a5',null,null,null,'N','app_12H10101_00004',null,null,'2020-04-10 14:45:54',null,'Y',null);
            go
            insert into pub_form_property(pk_form_property,areaid,classid,code,colnum,color,creationtime,creator,datatype,dataval,defaultvalue,defaultvar,define1,define2,define3,disabled,dr,editformula,hyperlinkflag,iscode,isdefined,ismultiselectedenabled,isnextrow,isrevise,istotal,itemtype,label,maxlength,metadataproperty,metaid,metapath,modifiedtime,modifier,position,proid,refcode,refname,relatemeta,required,resid,showformula,textrows,ts,validateformula,visible,width)
            values('0001ZZZZ40ba41ae3008','0001ZZZZc0d39a4f1f9d','5564cb66-4558-4907-b1a9-c8e1fe0b6171','busifieldname','1','#111111',null,'~',1,null, null,null,null,null,null,'N',0,null,'N','N','N',null,'N','N','N','input','业务字段名称',50,NULL,'','itfconfigitemvo.busifieldname',null,'~',7,'33c86e06-7f5f-4f42-b832-b08ec019a626',null,null,null,'N','app_12H10101_00004',null,null,'2020-04-10 14:45:54',null,'Y',null);
            go
            insert into pub_form_property(pk_form_property,areaid,classid,code,colnum,color,creationtime,creator,datatype,dataval,defaultvalue,defaultvar,define1,define2,define3,disabled,dr,editformula,hyperlinkflag,iscode,isdefined,ismultiselectedenabled,isnextrow,isrevise,istotal,itemtype,label,maxlength,metadataproperty,metaid,metapath,modifiedtime,modifier,position,proid,refcode,refname,relatemeta,required,resid,showformula,textrows,ts,validateformula,visible,width)
            values('0001ZZZZ40ba41ae3009','0001ZZZZ3e81478eb5a7','5564cb66-4558-4907-b1a9-c8e1fe0b6171','busifieldname','1','#111111',null,'~',1,null, null,null,null,null,null,'N',0,null,'N','N','N',null,'N','N','N','input','业务字段名称',50,NULL,'','itfconfigitemvo.busifieldname',null,'~',7,'87487b2d-5107-4bc8-bb08-9ef7a0536692',null,null,null,'N','app_12H10101_00004',null,null,'2020-04-10 14:45:54',null,'Y',null);
            go
            insert into pub_form_property(pk_form_property,areaid,classid,code,colnum,color,creationtime,creator,datatype,dataval,defaultvalue,defaultvar,define1,define2,define3,disabled,dr,editformula,hyperlinkflag,iscode,isdefined,ismultiselectedenabled,isnextrow,isrevise,istotal,itemtype,label,maxlength,metadataproperty,metaid,metapath,modifiedtime,modifier,position,proid,refcode,refname,relatemeta,required,resid,showformula,textrows,ts,validateformula,visible,width)
            values('0001ZZZZ40ba41ae3010','0001ZZZZe262945f9ab9','5564cb66-4558-4907-b1a9-c8e1fe0b6171','busifieldcode','1','#111111',null,'~',1,null, null,null,null,null,null,'N',0,null,'N','N','N',null,'N','N','N','input','业务字段编码',50,NULL,'','itfconfigitemvo.busifieldcode',null,'~',6,'545d12dc-0009-4d47-8daa-91eef3713dce',null,null,null,'N','app_12H10101_00005',null,null,'2020-04-10 14:45:54',null,'Y',null);
            go
            insert into pub_form_property(pk_form_property,areaid,classid,code,colnum,color,creationtime,creator,datatype,dataval,defaultvalue,defaultvar,define1,define2,define3,disabled,dr,editformula,hyperlinkflag,iscode,isdefined,ismultiselectedenabled,isnextrow,isrevise,istotal,itemtype,label,maxlength,metadataproperty,metaid,metapath,modifiedtime,modifier,position,proid,refcode,refname,relatemeta,required,resid,showformula,textrows,ts,validateformula,visible,width)
            values('0001ZZZZ40ba41ae3011','0001ZZZZc0d39a4f1f9d','5564cb66-4558-4907-b1a9-c8e1fe0b6171','busifieldcode','1','#111111',null,'~',1,null, null,null,null,null,null,'N',0,null,'N','N','N',null,'N','N','N','input','业务字段编码',50,NULL,'','itfconfigitemvo.busifieldcode',null,'~',6,'7d6b7a10-7eff-415d-b647-5cdc80e526da',null,null,null,'N','app_12H10101_00005',null,null,'2020-04-10 14:45:54',null,'Y',null);
            go
            insert into pub_form_property(pk_form_property,areaid,classid,code,colnum,color,creationtime,creator,datatype,dataval,defaultvalue,defaultvar,define1,define2,define3,disabled,dr,editformula,hyperlinkflag,iscode,isdefined,ismultiselectedenabled,isnextrow,isrevise,istotal,itemtype,label,maxlength,metadataproperty,metaid,metapath,modifiedtime,modifier,position,proid,refcode,refname,relatemeta,required,resid,showformula,textrows,ts,validateformula,visible,width)
            values('0001ZZZZ40ba41ae3012','0001ZZZZ3e81478eb5a7','5564cb66-4558-4907-b1a9-c8e1fe0b6171','busifieldcode','1','#111111',null,'~',1,null, null,null,null,null,null,'N',0,null,'N','N','N',null,'N','N','N','input','业务字段编码',50,NULL,'','itfconfigitemvo.busifieldcode',null,'~',6,'492c2141-5fce-4f44-af2a-041705055572',null,null,null,'N','app_12H10101_00005',null,null,'2020-04-10 14:45:54',null,'Y',null);
            go
            insert into pub_form_property(pk_form_property,areaid,classid,code,colnum,color,creationtime,creator,datatype,dataval,defaultvalue,defaultvar,define1,define2,define3,disabled,dr,editformula,hyperlinkflag,iscode,isdefined,ismultiselectedenabled,isnextrow,isrevise,istotal,itemtype,label,maxlength,metadataproperty,metaid,metapath,modifiedtime,modifier,position,proid,refcode,refname,relatemeta,required,resid,showformula,textrows,ts,validateformula,visible,width)
            values('0001ZZZZ40ba41ae3013','0001ZZZZe262945f9ab9','5564cb66-4558-4907-b1a9-c8e1fe0b6171','fieldposition','1','#111111',null,'~',203,'表体=BODY,表头=HEAD', null,null,null,null,null,'N',0,null,'N','N','N',null,'N','N','N','select','字段位置',50,NULL,'','itfconfigitemvo.fieldposition',null,'~',8,'ba29f0ca-6336-417e-8a24-422da4b91f41',null,null,null,'N','app_12H10101_00006',null,null,'2020-04-10 14:45:54',null,'Y',null);
            go
            insert into pub_form_property(pk_form_property,areaid,classid,code,colnum,color,creationtime,creator,datatype,dataval,defaultvalue,defaultvar,define1,define2,define3,disabled,dr,editformula,hyperlinkflag,iscode,isdefined,ismultiselectedenabled,isnextrow,isrevise,istotal,itemtype,label,maxlength,metadataproperty,metaid,metapath,modifiedtime,modifier,position,proid,refcode,refname,relatemeta,required,resid,showformula,textrows,ts,validateformula,visible,width)
            values('0001ZZZZ40ba41ae3014','0001ZZZZc0d39a4f1f9d','5564cb66-4558-4907-b1a9-c8e1fe0b6171','fieldposition','1','#111111',null,'~',203,'表体=BODY,表头=HEAD', null,null,null,null,null,'N',0,null,'N','N','N',null,'N','N','N','select','字段位置',50,NULL,'','itfconfigitemvo.fieldposition',null,'~',8,'affdd39a-188d-4170-aade-a7fd7a2978b3',null,null,null,'N','app_12H10101_00006',null,null,'2020-04-10 14:45:54',null,'Y',null);
            go
            insert into pub_form_property(pk_form_property,areaid,classid,code,colnum,color,creationtime,creator,datatype,dataval,defaultvalue,defaultvar,define1,define2,define3,disabled,dr,editformula,hyperlinkflag,iscode,isdefined,ismultiselectedenabled,isnextrow,isrevise,istotal,itemtype,label,maxlength,metadataproperty,metaid,metapath,modifiedtime,modifier,position,proid,refcode,refname,relatemeta,required,resid,showformula,textrows,ts,validateformula,visible,width)
            values('0001ZZZZ40ba41ae3015','0001ZZZZ3e81478eb5a7','5564cb66-4558-4907-b1a9-c8e1fe0b6171','fieldposition','1','#111111',null,'~',203,'表体=BODY,表头=HEAD', null,null,null,null,null,'N',0,null,'N','N','N',null,'N','N','N','select','字段位置',50,NULL,'','itfconfigitemvo.fieldposition',null,'~',8,'6493a87a-b16f-4cf5-b271-a94718e0e0bf',null,null,null,'N','app_12H10101_00006',null,null,'2020-04-10 14:45:54',null,'Y',null);
            go
            insert into pub_form_property(pk_form_property,areaid,classid,code,colnum,color,creationtime,creator,datatype,dataval,defaultvalue,defaultvar,define1,define2,define3,disabled,dr,editformula,hyperlinkflag,iscode,isdefined,ismultiselectedenabled,isnextrow,isrevise,istotal,itemtype,label,maxlength,metadataproperty,metaid,metapath,modifiedtime,modifier,position,proid,refcode,refname,relatemeta,required,resid,showformula,textrows,ts,validateformula,visible,width)
            values('0001ZZZZ40ba41ae3016','0001ZZZZe262945f9ab9','5564cb66-4558-4907-b1a9-c8e1fe0b6171','fieldsign','1','#111111',null,'~',203,'单据主键=BILLID,单据号=BILLNO,单据类型=BILLTYPE,公司=CORP', null,null,null,null,null,'N',0,null,'N','N','N',null,'N','N','N','select','字段标记',50,NULL,'','itfconfigitemvo.fieldsign',null,'~',11,'92d159e3-9ea6-49c5-8f12-5d6de2b8308d',null,null,null,'N','app_12H10101_00007',null,null,'2020-04-10 14:45:54',null,'Y',null);
            go
            insert into pub_form_property(pk_form_property,areaid,classid,code,colnum,color,creationtime,creator,datatype,dataval,defaultvalue,defaultvar,define1,define2,define3,disabled,dr,editformula,hyperlinkflag,iscode,isdefined,ismultiselectedenabled,isnextrow,isrevise,istotal,itemtype,label,maxlength,metadataproperty,metaid,metapath,modifiedtime,modifier,position,proid,refcode,refname,relatemeta,required,resid,showformula,textrows,ts,validateformula,visible,width)
            values('0001ZZZZ40ba41ae3017','0001ZZZZc0d39a4f1f9d','5564cb66-4558-4907-b1a9-c8e1fe0b6171','fieldsign','1','#111111',null,'~',203,'单据主键=BILLID,单据号=BILLNO,单据类型=BILLTYPE,公司=CORP', null,null,null,null,null,'N',0,null,'N','N','N',null,'N','N','N','select','字段标记',50,NULL,'','itfconfigitemvo.fieldsign',null,'~',11,'281f1b11-98ce-4efc-8e1c-1c5fa8542779',null,null,null,'N','app_12H10101_00007',null,null,'2020-04-10 14:45:54',null,'Y',null);
            go
            insert into pub_form_property(pk_form_property,areaid,classid,code,colnum,color,creationtime,creator,datatype,dataval,defaultvalue,defaultvar,define1,define2,define3,disabled,dr,editformula,hyperlinkflag,iscode,isdefined,ismultiselectedenabled,isnextrow,isrevise,istotal,itemtype,label,maxlength,metadataproperty,metaid,metapath,modifiedtime,modifier,position,proid,refcode,refname,relatemeta,required,resid,showformula,textrows,ts,validateformula,visible,width)
            values('0001ZZZZ40ba41ae3018','0001ZZZZ3e81478eb5a7','5564cb66-4558-4907-b1a9-c8e1fe0b6171','fieldsign','1','#111111',null,'~',203,'单据主键=BILLID,单据号=BILLNO,单据类型=BILLTYPE,公司=CORP', null,null,null,null,null,'N',0,null,'N','N','N',null,'N','N','N','select','字段标记',50,NULL,'','itfconfigitemvo.fieldsign',null,'~',11,'436bb9ee-df85-4142-b957-3d0faf73cac2',null,null,null,'N','app_12H10101_00007',null,null,'2020-04-10 14:45:54',null,'Y',null);
            go
            insert into pub_form_property(pk_form_property,areaid,classid,code,colnum,color,creationtime,creator,datatype,dataval,defaultvalue,defaultvar,define1,define2,define3,disabled,dr,editformula,hyperlinkflag,iscode,isdefined,ismultiselectedenabled,isnextrow,isrevise,istotal,itemtype,label,maxlength,metadataproperty,metaid,metapath,modifiedtime,modifier,position,proid,refcode,refname,relatemeta,required,resid,showformula,textrows,ts,validateformula,visible,width)
            values('0001ZZZZ40ba41ae3019','0001ZZZZe262945f9ab9','5564cb66-4558-4907-b1a9-c8e1fe0b6171','isdefault','1','#111111',null,'~',32,null, null,null,null,null,null,'N',0,null,'N','N','N',null,'N','N','N','checkbox_switch','是否取默认值',1,NULL,'','itfconfigitemvo.isdefault',null,'~',12,'639ab313-41a2-4fbb-b82a-909a8cbe6b03',null,null,null,'N','app_12H10101_00008',null,null,'2020-04-10 14:45:54',null,'Y',null);
            go
            insert into pub_form_property(pk_form_property,areaid,classid,code,colnum,color,creationtime,creator,datatype,dataval,defaultvalue,defaultvar,define1,define2,define3,disabled,dr,editformula,hyperlinkflag,iscode,isdefined,ismultiselectedenabled,isnextrow,isrevise,istotal,itemtype,label,maxlength,metadataproperty,metaid,metapath,modifiedtime,modifier,position,proid,refcode,refname,relatemeta,required,resid,showformula,textrows,ts,validateformula,visible,width)
            values('0001ZZZZ40ba41ae3020','0001ZZZZc0d39a4f1f9d','5564cb66-4558-4907-b1a9-c8e1fe0b6171','isdefault','1','#111111',null,'~',32,null, null,null,null,null,null,'N',0,null,'N','N','N',null,'N','N','N','checkbox_switch','是否取默认值',1,NULL,'','itfconfigitemvo.isdefault',null,'~',12,'57f09ae7-409f-42d9-828d-264d2dc637d4',null,null,null,'N','app_12H10101_00008',null,null,'2020-04-10 14:45:54',null,'Y',null);
            go
            insert into pub_form_property(pk_form_property,areaid,classid,code,colnum,color,creationtime,creator,datatype,dataval,defaultvalue,defaultvar,define1,define2,define3,disabled,dr,editformula,hyperlinkflag,iscode,isdefined,ismultiselectedenabled,isnextrow,isrevise,istotal,itemtype,label,maxlength,metadataproperty,metaid,metapath,modifiedtime,modifier,position,proid,refcode,refname,relatemeta,required,resid,showformula,textrows,ts,validateformula,visible,width)
            values('0001ZZZZ40ba41ae3021','0001ZZZZ3e81478eb5a7','5564cb66-4558-4907-b1a9-c8e1fe0b6171','isdefault','1','#111111',null,'~',32,null, null,null,null,null,null,'N',0,null,'N','N','N',null,'N','N','N','checkbox_switch','是否取默认值',1,NULL,'','itfconfigitemvo.isdefault',null,'~',12,'0e0c3a39-13d0-44d0-b865-dae18f429270',null,null,null,'N','app_12H10101_00008',null,null,'2020-04-10 14:45:54',null,'Y',null);
            go
